X,Y,OBJECTID,FACILITY,MAPLABEL,AIRPORTID,CITY,COUNTY,FNCTNLCLSS,STATECLASS,FAASRVCLVL,FAASITENO,DISTRICT,MANAGER,MNGREMAIL,PHONE,F5010URL,LATDD,LONGDD,LATDMS,PMTLAT,LONGDMS,ARPLATDMS,ARPLONGDMS,PMTLONG
-13464580.9927,5039889.4124,1,ADIN AIRPORT,ADIN,A26,Adin,Modoc,Limited Use,LIMITED USE,Not a NPIAS Facility,01217.*A,2,Mitch Crosby,mitchcrosby@co.modoc.ca.us,530-233-6412,http://www.gcr1.com/5010web/airport.cfm?Site=A26,41.1865,-120.954389,41-11-09.607N,41-11-10N,120-57-07.881W,41-11-11.4000N,120-57-15.8000W,120-57-08W
-12945869.235,3889424.5585,2,AGUA CALIENTE SPRINGS AIRPORT,AGUA CALIENTE SPRINGS,L54,Agua Caliente Springs,San Diego,Limited Use,LIMITED USE,Not a NPIAS Facility,01218.*A,11,Cathe Johnson,catherine.johnson@sdcounty.ca.gov,619-956-4805,http://www.gcr1.com/5010web/airport.cfm?Site=L54,32.955694,-116.294722,32-57-00.180N,32-57-20N,116-17-36.047W,32-57-20.5000N,116-17-41.0000W,116-17-41W
-13170725.9235,4096486.0555,3,AGUA DULCE AIRPARK,AGUA DULCE,L70,Agua Dulce,Los Angeles,Limited Use,LIMITED USE,Not a NPIAS Facility,01219.*A,7,Al Hoffman,ahoffman@spearsmfg.net,661-268-0797,http://www.gcr1.com/5010web/airport.cfm?Site=L70,34.502569,-118.314644,34-30-14.972N,34-30-15N,118-18-46.282W,34-30-09.2500N,118-18-52.7200W,118-18-46W
-13332407.6878,4683747.6925,4,ALPINE COUNTY AIRPORT,ALPINE COUNTY,M45,Markleeville,Alpine,Limited Use,LIMITED USE,Not a NPIAS Facility,01866.4*A,10,Brian Peters,bpeters@alpinecountyca.gov,530-694-2231 x330,http://www.gcr1.com/5010web/airport.cfm?Site=M45,38.73475,-119.767056,38-44-05.100N,38-44-05N,119-46-01.400W,38-44-05.1000N,119-46-01.4000W,119-46-01W
-13421277.7108,5083843.0602,5,ALTURAS MUNICIPAL AIRPORT,ALTURAS MUNI,AAT,Alturas,Modoc,Community,COMMUNITY,General Aviation,01234.*A,2,Joe Picotte,jpicotte@cityofalturas.org,530-233-2377,http://www.gcr1.com/5010web/airport.cfm?Site=AAT,41.482972,-120.565389,41-28-58.800N,41-28-59N,120-33-55.300W,41-28-58.7000N,120-33-55.4000W,120-33-55W
-13803134.511,5088161.5723,6,ANDY MCBETH AIRPORT,ANDY MCBETH,S51,Klamath Glen,Del Norte,Community,COMMUNITY,Not a NPIAS Facility,01722.5*A,1,Randy Hooper,airport@co.del-norte.ca.us,707-464-7288,http://www.gcr1.com/5010web/airport.cfm?Site=S51,41.512028,-123.995667,41-30-43.435N,41-30-43N,123-59-44.258W,41-30-43.3000N,123-59-44.4000W,123-59-44W
-13629454.3981,4661691.4851,7,ANGWIN-PARRETT FIELD AIRPORT,PARRETT FIELD,2O3,Angwin,Napa,Community,COMMUNITY,Not a NPIAS Facility,01244.8*A,4,Geoffery Hilton,gfhilton@puc.org,707-965-6219,http://www.gcr1.com/5010web/airport.cfm?Site=2O3,38.580028,-122.435472,38-34-42.664N,38-34-43N,122-26-06.926W,38-34-48.1000N,122-26-07.7000W,122-26-07W
-13045107.444,4106319.3078,8,APPLE VALLEY AIRPORT,APPLE VALLEY,APV,Apple Valley,San Bernardino,Regional,REGIONAL-Business/Corporate,General Aviation,01248.1*A,8,Maureen Snelgrove,Maureen.Snelgrove@airports.sbcounty.gov,909-387-2591,http://www.gcr1.com/5010web/airport.cfm?Site=APV,34.575333,-117.186194,34-34-31.042N,34-34-31N,117-11-10.245W,34-34-31.2000N,117-11-10.3000W,117-11-10W
-13815707.3795,5009113.5772,9,ARCATA AIRPORT,ARCATA -139,ACV,Arcata/Eureka,Humboldt,Commercial/Primary,PRIMARY-NON HUB-REGIONAL-Business/Corporate,Commercial Service Primar,01255.1*A,1,Cody Roggatz,croggatz@co.humboldt.ca.us,707 839-5402,http://www.gcr1.com/5010web/airport.cfm?Site=ACV,40.978111,-124.108611,40-58-41.215N,40-58-41N,124-06-31.028W,40-58-40.2000N,124-06-30.5000W,124-06-31W
-13478755.6374,4715199.9858,10,AUBURN MUNICIPAL AIRPORT,AUBURN MUNI,AUN,Auburn,Placer,Regional,REGIONAL-Business/Corporate,General Aviation,01273.*A,3,Bernie Schroeder,bschroeder@auburn.ca.gov,530-823-4211 x144,http://www.gcr1.com/5010web/airport.cfm?Site=AUN,38.954806,-121.081722,38-57-17.170N,38-57-17N,121-04-55.490W,38-57-17.3000N,121-04-54.2000W,121-04-55W
-12922117.9971,4202853.557,11,BAKER AIRPORT,BAKER,0O2,Baker,San Bernardino,Limited Use,LIMITED USE,Not a NPIAS Facility,01286.1*A,8,Maureen Snelgrove,Maureen.Snelgrove@airports.sbcounty.gov,909-387-2591,http://www.gcr1.com/5010web/airport.cfm?Site=0O2,35.286278,-116.081361,35-17-07.931N,35-17-08N,116-04-57.048W,35-17-10.6000N,116-04-52.9000W,116-04-57W
-13246577.2434,4208116.5614,12,BAKERSFIELD MUNICIPAL AIRPORT,BAKERSFIELD MUNI,L45,Bakersfield,Kern,Regional,REGIONAL,General Aviation,01289.1*A,6,Stuart Patteson,spatteson@bakersfieldcity.us,661-326-3575,http://www.gcr1.com/5010web/airport.cfm?Site=L45,35.324861,-118.996028,35-19-29.400N,35-19-29N,118-59-45.000W,35-19-29.5000N,118-59-45.7000W,118-59-45W
-13007741.2759,4018411.5455,13,BANNING MUNICIPAL AIRPORT,BANNING MUNI,BNG,Banning,Riverside,Community,COMMUNITY,General Aviation,01297.*A,8,Carl Szoyka,cszoyka@ci.banning.ca.us,951-922-3286,http://www.gcr1.com/5010web/airport.cfm?Site=BNG,33.922583,-116.850528,33-55-23.056N,33-55-23N,116-51-02.072W,33-55-21.2000N,116-51-03.5000W,116-51-02W
-13000635.3075,4144020.2734,14,BARSTOW-DAGGETT AIRPORT,BARSTOW-DAGGETT,DAG,Daggett,San Bernardino,Regional,REGIONAL,General Aviation,01479.*A,8,Maureen Snelgrove,Maureen.Snelgrove@airports.sbcounty.gov,909-387-2591,http://www.gcr1.com/5010web/airport.cfm?Site=DAG,34.853722,-116.786694,34-51-13.368N,34-51-13N,116-47-12.075W,34-51-13.4000N,116-47-12.1000W,116-47-12W
-13626334.3353,4949740.9101,15,BENTON FIELD,BENTON FIELD,O85,Redding,Shasta,Regional,REGIONAL,General Aviation,02088.*A,2,Bryant Garrett,bgarrett@cityofredding.org,530-224-4321,http://www.gcr1.com/5010web/airport.cfm?Site=O85,40.574222,-122.407444,40-34-29.542N,40-34-27N,122-24-29.031W,40-34-27.2000N,122-24-26.8000W,122-24-26W
-12943652.9752,3995073.2066,16,BERMUDA DUNES EXECUTIVE AIRPORT,BERMUDA DUNES,UDD,Palm Springs,Riverside,Regional,REGIONAL,Not a NPIAS Facility,02017.1*A,8,Ann Goodwyn,agoodwyn@bermudadunesairport.org,760-345-2558,http://www.gcr1.com/5010web/airport.cfm?Site=UDD,33.748438,-116.274813,33-44-54.375N,33-44-54N,116-16-29.328W,33-44-54.3750N,116-16-29.3280W,116-16-29W
-13008353.5331,4064276.1997,17,BIG BEAR CITY AIRPORT,BIG BEAR CITY,L35,Big Bear City,San Bernardino,Regional,REGIONAL,General Aviation,01323.*A,8,Ryan Goss,Ryan.Goss@bigbearcityairport.com,909-585-3219,http://www.gcr1.com/5010web/airport.cfm?Site=L35,34.263778,-116.856028,34-15-49.030N,34-15-49N,116-51-16.110W,34-15-49.6000N,116-51-21.7000W,116-51-16W
-13176176.905,4491242.0407,18,BISHOP AIRPORT,BISHOP AIRPORT,BIH,Bishop,Inyo,Regional,REGIONAL-Business/Corporate,General Aviation,01327.*A,9,Mike Eerrante,mearrante@inyocounty.us,760-878-0205,http://www.gcr1.com/5010web/airport.cfm?Site=BIH,37.373111,-118.363611,37-22-23.144N,37-22-23N,118-21-48.992W,37-22-23.2000N,118-21-49.0000W,118-21-49W
-13437347.9037,4761135.8384,19,BLUE CANYON AIRPORT,BLUE CANYON,BLU,Emigrant Gap,Placer,Limited Use,LIMITED USE-Firefighting,Not a NPIAS Facility,01548.*A,3,John Weber,jweber@placer.ca.gov,530-745-7564,http://www.gcr1.com/5010web/airport.cfm?Site=BLU,39.274972,-120.70975,39-16-29.640N,39-16-30N,120-42-33.765W,39-16-29.9000N,120-42-35.1000W,120-42-34W
-12770225.6689,3977779.3736,20,BLYTHE AIRPORT,BLYTHE,BLH,Blythe,Riverside,Community,COMMUNITY,General Aviation,01336.*A,8,Liliana Valle,lvalle@rivco.org,951-955-9418,http://www.gcr1.com/5010web/airport.cfm?Site=BLH,33.619167,-114.716889,33-37-08.986N,33-37-09N,114-43-00.755W,33-37-09.0000N,114-43-00.8000W,114-43-01W
-13175626.5414,4055778.6331,21,BOB HOPE AIRPORT,BOB HOPE -139,BUR,Burbank,Los Angeles,Commercial/Primary,PRIMARY-MEDIUM HUB-METROPOLITAN-Business/Corporate,Commercial Service Primar,01353.*A,7,Dan Ferger,dferger@bur.org,818-729-2228,http://www.gcr1.com/5010web/airport.cfm?Site=BUR,34.200667,-118.358667,34-12-02.400N,34-12-02N,118-21-31.200W,34-12-02.4000N,118-21-31.2000W,118-21-31W
-13063510.1144,3924272.5013,22,BOB MAXWELL MEMORIAL AIRFIELD,BOB MAXWELL MEMORIAL,OKB,Oceanside,San Diego,Regional,REGIONAL,General Aviation,01975.1*A,11,Dennis Easto,dennis.easto@oceansidemunicipalairport.com,760-901-4260,http://www.gcr1.com/5010web/airport.cfm?Site=OKB,33.217976,-117.351508,33-13-04.715N,33-13-05N,117-21-05.427W,33-13-04.7150N,117-21-05.4270W,117-21-05W
-13734805.9396,4723665.2595,23,BOONVILLE AIRPORT,BOONVILLE,D83,Boonville,Mendocino,Community,COMMUNITY,General Aviation,01340.25*A,1,Kirk Wilder,kewcbw@gmail.com,707-895-2949,http://www.gcr1.com/5010web/airport.cfm?Site=D83,39.013917,-123.381861,39-00-50.2301N,39-00-50N,123-22-53.5917W,39-00-50.2301N,123-22-53.5917W,123-22-54W
-12948791.3716,3929736.2852,24,BORREGO VALLEY AIRPORT,BORREGO VALLEY,L08,Borrego Springs,San Diego,Community,COMMUNITY,General Aviation,01340.3*A,11,Viki Cole,vcole@uia.net,760-767-7415,http://www.gcr1.com/5010web/airport.cfm?Site=L08,33.259028,-116.320972,33-15-32.500N,33-15-33N,116-19-15.500W,33-15-32.5000N,116-19-15.5000W,116-19-16W
-13111407.7743,4041114.762,25,BRACKETT FIELD AIRPORT,BRACKETT FIELD,POC,La Verne,Los Angeles,Metropolitan,METROPOLITAN-Business/Corporate,Reliever,01757.*A,7,Pete Loncteaux,ploncteaux@americanairports.net,909-593-1396,http://www.gcr1.com/5010web/airport.cfm?Site=POC,34.091648,-117.78178,34-05-29.934N,34-05-30N,117-46-54.409W,34-05-29.9340N,117-46-54.4090W,117-46-54W
-12859281.2615,3894367.4349,26,BRAWLEY MUNICIPAL AIRPORT,BRAWLEY MUNI,BWC,Brawley,Imperial,Community,COMMUNITY,General Aviation,01342.*A,11,Alan Chan,achan@brawley-ca.gov,760-344-5800 x18,http://www.gcr1.com/5010web/airport.cfm?Site=BWC,32.992944,-115.516889,32-59-35.160N,32-59-35N,115-31-00.957W,32-59-34.6000N,115-31-00.8000W,115-31-01W
-13022171.9554,3838666.8774,27,BROWN FIELD,BROWN FIELD,SDM,San Diego,San Diego,Regional,REGIONAL-Business/Corporate,Reliever,02180.*A,11,Andy Schwartz,ASchwartz@sandiego.gov,619-424-0456 Ops,http://www.gcr1.com/5010web/airport.cfm?Site=SDM,32.572272,-116.980161,32-34-20.300N,32-34-20N,116-58-48.900W,32-34-20.1800N,116-58-48.5800W,116-58-49W
-13271812.704,4616803.3182,28,BRYANT FIELD AIRPORT,BRYANT FIELD,O57,Bridgeport,Mono,Community,COMMUNITY-Recreation,General Aviation,01346.*A,9,Garrett Higerd,ghigerd@mono.ca.gov,760-932-5457,http://www.gcr1.com/5010web/airport.cfm?Site=O57,38.264111,-119.222722,38-15-44.709N,38-15-45N,119-13-32.554W,38-15-50.9000N,119-13-21.8000W,119-13-33W
-13587310.7313,4577966.2093,29,BUCHANAN FIELD AIRPORT,BUCHANAN FIELD -139,CCR,Concord,Contra Costa,Commercial/Primary,PRIMARY-NON HUB-METROPOLITAN-Business/Corporate,Commercial Service Primar,01437.*A,4,Keith Freitas,kfrei@airport.cccounty.us,925-681-4200,http://www.gcr1.com/5010web/airport.cfm?Site=CCR,37.989667,-122.056889,37-59-22.763N,37-59-23N,122-03-24.830W,37-59-22.8000N,122-03-24.8000W,122-03-25W
-13578261.0133,5144102.8819,30,BUTTE VALLEY AIRPORT,BUTTE VALLEY,A32,Dorris,Siskiyou,Limited Use,LIMITED USE-Agriculture,General Aviation,01512.*A,2,Millisa Cummins,mcummins@co.siskiyou.ca.us,530-842-8269,http://www.gcr1.com/5010web/airport.cfm?Site=A32,41.887236,-121.975594,41-53-13.532N,41-53-14N,121-58-32.021W,41-53-14.1000N,121-58-32.1000W,121-58-32W
-13539325.7969,4555218.9706,31,BYRON AIRPORT,BYRON,C83,Byron,Contra Costa,Community,COMMUNITY-Recreation,Reliever,01356.5*A,4,Keith Freitas,kfrei@airport.cccounty.us,925-646-5722,http://www.gcr1.com/5010web/airport.cfm?Site=C83,37.828444,-121.625833,37-50-09.734N,37-50-10N,121-38-13.823W,37-49-42.4000N,121-37-33.0000W,121-38-14W
-13100900.2162,4043798.5203,32,CABLE AIRPORT,CABLE,CCB,Upland,San Bernardino,Regional,REGIONAL,Reliever,02385.*A,8,Stephen Dunn,Sdunn@cableairport.com,909-982-6021,http://www.gcr1.com/5010web/airport.cfm?Site=CCB,34.111611,-117.687389,34-06-41.546N,34-06-42N,117-41-15.323W,34-06-41.8000N,117-41-14.6000W,117-41-15W
-13430493.1835,4600087.7162,33,CALAVERAS CO./MAURY RASMUSSEN AIRPORT,CALAVERAS CO.,CPU,San Andreas,Calaveras,Community,COMMUNITY,General Aviation,02141.11*A,10,Kathy Zancanella,kz@mlode.com,209-736-2501,http://www.gcr1.com/5010web/airport.cfm?Site=CPU,38.146116,-120.648173,38-08-46.019N,38-08-46N,120-38-53.424W,38-08-46.0190N,120-38-53.4240W,120-38-53W
-12858884.8528,3851517.7312,34,CALEXICO INTERNATIONAL AIRPORT,CALEXICO INT'L,CXL,Calexico,Imperial,Community,COMMUNITY,General Aviation,01358.*A,11,David Dale,ddale@calexico.ca.gov,760-768-2160,http://www.gcr1.com/5010web/airport.cfm?Site=CXL,32.669503,-115.513328,32-40-10.212N,32-40-10N,115-30-47.981W,32-40-10.2120N,115-30-47.9810W,115-30-48W
-13137555.2756,4184454.4587,35,CALIFORNIA CITY MUNICIPAL AIRPORT,CALIFORNIA CITY MUNI,L71,California City,Kern,Community,COMMUNITY-Recreation,General Aviation,01360.*A,6,Robert King,airportmgr@californiacity.com,760-373-4867,http://www.gcr1.com/5010web/airport.cfm?Site=L71,35.15125,-118.016667,35-09-04.5000N,35-09-05N,118-01-00.0000W,35-09-04.5000N,118-01-00.0000W,118-01-00W
-13434487.6608,5073331.6198,36,CALIFORNIA PINES AIRPORT,CALIFORNIA PINES,A24,Alturas,Modoc,Limited Use,LIMITED USE,Not a NPIAS Facility,01234.12*A,2,Ron Sherer,calpinesgm@frontiernet.net,530-233-2766,http://www.gcr1.com/5010web/airport.cfm?Site=A24,41.412194,-120.684056,41-24-44.611N,41-24-45N,120-41-03.855W,41-24-43.9000N,120-41-02.6000W,120-41-04W
-13257523.6229,4057539.6676,37,CAMARILLO AIRPORT,CAMARILLO,CMA,Camarillo,Ventura,Metropolitan,METROPOLITAN-Business/Corporate,Reliever,01369.1*A,7,Jorge Rubio,Jorge.Rubio@ventura.org,805-388-4201,http://www.gcr1.com/5010web/airport.cfm?Site=CMA,34.21375,-119.094361,34-12-49.517N,34-12-50N,119-05-39.575W,34-12-49.5000N,119-05-39.7000W,119-05-40W
-13468270.0093,4676507.8344,38,CAMERON AIRPARK AIRPORT,CAMERON AIRPARK,O61,Cameron Park,El Dorado,Community,COMMUNITY,General Aviation,01369.8*A,3,Gary Millsaps,manager@cameronparkairport.com,530-676-8316,http://www.gcr1.com/5010web/airport.cfm?Site=O61,38.684,-120.987528,38-41-02.653N,38-41-03N,120-59-13.791W,38-41-02.4000N,120-59-15.1000W,120-59-14W
-13421589.9619,4492273.2013,39,CASTLE AIRPORT,CASTLE,MER,Merced,Merced,Regional,REGIONAL,General Aviation,01270.6*A,10,Scott Malta,smalta@countyofmerced.com,209-385-7686 x4180,http://www.gcr1.com/5010web/airport.cfm?Site=MER,37.380472,-120.568194,37-22-49.730N,37-22-50N,120-34-05.480W,37-22-49.7000N,120-34-05.5000W,120-34-05W
-13181983.107,3949184.7515,40,CATALINA AIRPORT,CATALINA,AVX,Avalon,Los Angeles,Community,COMMUNITY-Recreation,Not a NPIAS Facility,01276.*A,7,Justin Bellum,jbellum@catalinaconservancy.org,310-510-0143,http://www.gcr1.com/5010web/airport.cfm?Site=AVX,33.404997,-118.415769,33-24-17.800N,33-24-18N,118-24-57.100W,33-24-17.9900N,118-24-56.7700W,118-24-57W
-13376774.6274,5094345.311,41,CEDARVILLE AIRPORT,CEDARVILLE,O59,Cedarville,Modoc,Community,COMMUNITY,General Aviation,01384.*A,2,Mitch Crosby,mitchcrosby@co.modoc.ca.us,530-233-6412,http://www.gcr1.com/5010web/airport.cfm?Site=O59,41.553611,-120.165611,41-33-09.617N,41-33-10N,120-09-58.802W,41-33-13.0000N,120-09-56.2000W,120-09-59W
-13671466.7079,4651580.527,42,"CHARLES M. SCHULZ, SONOMA COUNTY AIRPORT",CHARLES M. SCHULZ -139,STS,Santa Rosa,Sonoma,Commercial/Primary,PRIMARY-NON-HUB-REGIONAL-Business/Corporate,Commercial Service Primar,02260.*A,4,Jon Stout,jstout@sonomacountyairport.org,707-565-7243,http://www.gcr1.com/5010web/airport.cfm?Site=STS,38.508989,-122.812875,38-30-32.317N,38-30-32N,122-48-46.369W,38-30-32.3605N,122-48-46.3503W,122-48-46W
-12738521.21,4100053.1364,43,CHEMEHUEVI VALLEY AIRPORT,CHEMEHUEVI VALLEY,49X,Acampo,San Bernardino,Limited Use,LIMITED USE,General Aviation,01390.*A,8,William Cox,tribe@citlink.net,760-858-1116,http://www.gcr1.com/5010web/airport.cfm?Site=49X,34.528972,-114.432083,34-31-44.3000N,34-31-44N,114-25-55.5000W,34-31-44.0000N,114-25-55.1000W,114-25-56W
-13565216.9293,4836253.1637,44,CHICO MUNICIPAL,CHICO MUNI -139i,CIC,Chico,Butte,Regional,REGIONAL-Business/Corporate,General Aviation,01395.*A,3,Sherry Miller,Sherry.Miller@chicoca.gov,530-896-7216,http://www.gcr1.com/5010web/airport.cfm?Site=CIC,39.795389,-121.858417,39-47-43.378N,39-47-43N,121-51-30.323W,39-47-43.4000N,121-51-30.3000W,121-51-30W
-13095233.3863,4025415.9646,45,CHINO AIRPORT,CHINO,CNO,Chino,San Bernardino,Regional,REGIONAL-Business/Corporate,Reliever,01398.*A,8,Maureen Snelgrove,Maureen.Snelgrove@airports.sbcounty.gov,909-387-2591,http://www.gcr1.com/5010web/airport.cfm?Site=CNO,33.974779,-117.636483,33-58-28.900N,33-58-29N,117-38-11.800W,33-58-29.2055N,117-38-11.3382W,117-38-12W
-12880778.2796,3983893.0766,46,CHIRIACO SUMMIT AIRPORT,CHIRIACO SUMMIT,L77,Chiriaco Summit,Riverside,Limited Use,LIMITED USE,Not a NPIAS Facility,01399.*A,8,Liliana Valle,lvalle@rivco.org,951-955-9418,http://www.gcr1.com/5010web/airport.cfm?Site=L77,33.664889,-115.71,33-39-55.071N,33-39-55N,115-42-37.964W,33-39-53.6000N,115-42-36.0000W,115-42-38W
-13385828.5755,4454908.0634,47,CHOWCHILLA AIRPORT,CHOWCHILLA,2O6,Chowchilla,Madera,Community,COMMUNITY,General Aviation,01400.5*A,6,Jason Rogers,jrogers@cityofchowchilla.org,559-665-8615 x300,http://www.gcr1.com/5010web/airport.cfm?Site=2O6,37.113278,-120.246944,37-06-44.799N,37-06-45N,120-14-48.626W,37-06-47.8000N,120-14-49.2000W,120-14-49W
-12859782.1992,3912749.2253,48,CLIFF HATFIELD MEMORIAL AIRPORT,CLIFF HATFIELD MEMORIAL,CLR,Calipatria,Imperial,Community,COMMUNITY-Agriculture,Not a NPIAS Facility,01363.*A,11,Chris Hall,c_hall@calipatria.com,760-348-4144,http://www.gcr1.com/5010web/airport.cfm?Site=CLR,33.131333,-115.521389,33-07-52.8000N,33-07-53N,115-31-17.0000W,33-07-52.8000N,115-31-17.0000W,115-31-17W
-13691453.2318,4689631.9556,49,CLOVERDALE MUNICIPAL AIRPORT,CLOVERDALE MUNI,O60,Cloverdale,Sonoma,Community,COMMUNITY,General Aviation,01411.1*A,4,Michael Morrissey,manager@cloverdaleairport.com,707-694-9355,http://www.gcr1.com/5010web/airport.cfm?Site=O60,38.775971,-122.992417,38-46-27.669N,38-46-28N,122-59-31.998W,38-46-33.4973N,122-59-32.6997W,122-59-32W
-13404486.8353,4583725.161,50,COLUMBIA AIRPORT,COLUMBIA,O22,Columbia,Tuolumne,Regional,REGIONAL-Recreation,General Aviation,01429.*A,10,Benedict Stuth,BStuth@co.tuolumne.ca.us,209-533-6684,http://www.gcr1.com/5010web/airport.cfm?Site=O22,38.030428,-120.414554,38-01-49.542N,38-01-50N,120-24-52.395W,38-01-49.5416N,120-24-52.3938W,120-24-52W
-13580236.155,4747344.4603,51,COLUSA COUNTY AIRPORT,COLUSA COUNTY,O08,Colusa,Colusa,Community,COMMUNITY,General Aviation,01431.1*A,3,Renee McCormick,rmccormick@countyofcolusa.org,530-713-3133,http://www.gcr1.com/5010web/airport.cfm?Site=O08,39.179001,-121.993337,39-10-44.508N,39-10-45N,121-59-36.100W,39-10-44.4019N,121-59-36.0124W,121-59-36W
-13162826.5811,4014043.4055,52,COMPTON/WOODLEY AIRPORT,COMPTON WOODLEY,CPM,Compton,Los Angeles,Metropolitan,METROPOLITAN-Business/Corporate,Reliever,01434.*A,7,Richard Smith,rsmith@dpw.lacounty.gov,626-300-4602,http://www.gcr1.com/5010web/airport.cfm?Site=CPM,33.890016,-118.243683,33-53-24.058N,33-53-24N,118-14-37.259W,33-53-23.7000N,118-14-37.7000W,118-14-37W
-13600028.9832,4857755.4296,53,CORNING MUNICIPAL AIRPORT,CORNING MUNI,0O4,Corning,Tehama,Community,COMMUNITY,General Aviation,01443.*A,2,Dawn Grine,dgrine@corning.org,530-824-7025,http://www.gcr1.com/5010web/airport.cfm?Site=0O4,39.943639,-122.171139,39-56-37.565N,39-56-38N,122-10-16.961W,39-56-37.1000N,122-10-16.1000W,122-10-17W
-13091443.7368,4015067.7239,54,CORONA MUNICIPAL AIRPORT,CORONA MUNI,AJO,Corona,Riverside,Regional,REGIONAL-Recreation,General Aviation,01447.3*A,8,Curtiss Showalter,Curtis.Showalter@CoronaCA.Gov,951-279-3677,http://www.gcr1.com/5010web/airport.cfm?Site=AJO,33.897654,-117.60244,33-53-51.554N,33-53-52N,117-36-08.784W,33-53-51.5547N,117-36-08.7831W,117-36-09W
-13273346.9092,4265669.9447,55,DELANO MUNICIPAL AIRPORT,DELANO MUNI,DLO,Delano,Kern,Regional,REGIONAL,General Aviation,01497.*A,6,Roman Dowling,rdowling@cityofdelano.org,661-720-2219,http://www.gcr1.com/5010web/airport.cfm?Site=DLO,35.745581,-119.236504,35-44-44.090N,35-44-44N,119-14-11.414W,35-44-44.0000N,119-14-11.4000W,119-14-11W
-13758891.136,4937702.1857,56,DINSMORE AIRPORT,DINSMORE,D63,Dinsmore,Humboldt,Limited Use,LIMITED USE-Firefighting,General Aviation,01508.*A,1,Cody Roggatz,croggatz@co.humboldt.ca.us,707-839-5402,http://www.gcr1.com/5010web/airport.cfm?Site=D63,40.492028,-123.598222,40-29-34.510N,40-29-35N,123-35-59.132W,40-29-31.3000N,123-35-53.6000W,123-35-59W
-13611269.1347,5051220.1354,57,DUNSMUIR MUNI-MOTT AIRPORT,DUNSMUIR MUNI,1O6,Dunsmuir,Siskiyou,Community,COMMUNITY,General Aviation,01521.*A,2,Bill Willman,admin@ci.dunsmuir.ca.us,530-235-4437,http://www.gcr1.com/5010web/airport.cfm?Site=1O6,41.263056,-122.272111,41-15-47.552N,41-15-48N,122-16-19.030W,41-15-47.0000N,122-16-19.6000W,122-16-19W
-13252656.5121,4322988.9153,58,ECKERT FIELD AIRPORT,ECKERT FIELD,1Q1,Strathmore,Tulare,Community,COMMUNITY-Recreation,Not a NPIAS Facility,02321.*A,6,Dick Schutze,kschutze@sbcglobal.net,805-798-4775,http://www.gcr1.com/5010web/airport.cfm?Site=1Q1,36.162389,-119.050639,36-09-44.6000N,36-09-45N,119-03-02.3000W,36-09-44.6000N,119-03-02.3000W,119-03-02W
-13300421.8131,4212017.1121,59,ELK HILLS-BUTTONWILLOW AIRPORT,ELK HILLS-BUTTONWILLOW,L62,Buttonwillow,Kern,Limited Use,LIMITED USE,Not a NPIAS Facility,01356.1*A,6,Ron Brewster,brewsterr@kerncounty.com,661-391-1824,http://www.gcr1.com/5010web/airport.cfm?Site=L62,35.353444,-119.479722,35-21-09.864N,35-21-10N,119-28-43.425W,35-21-12.4000N,119-28-47.0000W,119-28-43W
-13263683.2643,4334036.6421,60,EXETER,EXETER,O63,Exeter,Tulare,Community,COMMUNITY,Not a NPIAS Facility,01561.9*A,6,James Costa,costaspraying@yahoo.com,559-686-3559,http://www.gcr1.com/5010web/airport.cfm?Site=O63,36.242472,-119.149694,36-14-34.822N,36-14-35N,119-08-58.385W,36-14-32.9000N,119-08-58.9000W,119-08-58W
-13517894.6799,5015111.219,61,FALL RIVER MILLS AIRPORT,FALL RIVER MILLS,O89,Fall River Mills,Shasta,Community,COMMUNITY,General Aviation,01569.*A,2,Neil McAuliffe,nmcauliffe@co.shasta.ca.us,530-245-6844,http://www.gcr1.com/5010web/airport.cfm?Site=O89,41.018774,-121.433314,41-01-07.587N,41-01-08N,121-25-59.929W,41-01-02.5000N,121-26-05.9000W,121-26-00W
-13052307.0321,3942412.7487,62,FALLBROOK COMMUNITY AIRPARK,FALLBROOK COMMUNITY AIRPARK,L18,Fallbrook,San Diego,Community,COMMUNITY,General Aviation,01568.5*A,11,Meadow Chase,mkchase6@gmail.com,760-788-3366,http://www.gcr1.com/5010web/airport.cfm?Site=L18,33.354198,-117.250869,33-21-15.113N,33-21-15N,117-15-03.127W,33-21-15.1130N,117-15-03.1270W,117-15-03W
-13410043.2365,4419608.9865,63,FIREBAUGH AIRPORT,FIREBAUGH,F34,Mendota,Fresno,Community,COMMUNITY-Agriculture,General Aviation,01570.41*A,6,Ben Gallegos,citymanager@ci.firebaugh.ca.us,559-659-2043,http://www.gcr1.com/5010web/airport.cfm?Site=F34,36.859989,-120.464468,36-51-35.959N,36-51-36N,120-27-52.083W,36-51-35.9590N,120-27-52.0830W,120-27-52W
-13070018.2971,4027295.2852,64,FLABOB AIRPORT,FLABOB,RIR,Riverside/rubidoux/,Riverside,Regional,REGIONAL,Not a NPIAS Facility,02113.*A,8,Beth LaRock,beth@tomwathercenter.org,951-683-2309,http://www.gcr1.com/5010web/airport.cfm?Site=RIR,33.988778,-117.409972,33-59-23.052N,33-59-23N,117-24-38.165W,33-59-19.6000N,117-24-35.9000W,117-24-38W
-13374662.674,5142497.6577,65,FORT BIDWELL AIRPORT,FORT BIDWELL,A28,Fort Bidwell,Modoc,Limited Use,LIMITED USE-Medical Emergency,Not a NPIAS Facility,01578.9*A,2,Mitch Crosby,mitchcrosby@co.modoc.ca.us,530-233-6412,http://www.gcr1.com/5010web/airport.cfm?Site=A28,41.8765,-120.146639,41-52-34.605N,41-52-35N,120-08-48.818W,41-52-35.4000N,120-08-47.9000W,120-08-49W
-13517445.3944,4622448.5033,66,FRANKLIN FIELD AIRPORT,FRANKLIN FIELD,F72,Franklin,Sacramento,Community,COMMUNITY-Agriculture,General Aviation,01588.*A,3,John Pires,piresj@saccounty.net,916-875-6760,http://www.gcr1.com/5010web/airport.cfm?Site=F72,38.303917,-121.429278,38-18-17.687N,38-18-18N,121-25-46.825W,38-18-14.4000N,121-25-45.5000W,121-25-47W
-13521159.1239,4432597.0389,67,FRAZIER LAKE AIRPARK,FRAZIER LAKE AIRPARK,1C9,Hollister,San Benito,Community,COMMUNITY,Not a NPIAS Facility,01668.11*A,5,Eric Martin,edm1822@aol.com,408-422-8873,http://www.gcr1.com/5010web/airport.cfm?Site=1C9,36.953283,-121.462639,36-57-11.819N,36-57-12N,121-27-55.773W,36-57-10.2000N,121-27-45.5000W,121-27-56W
-13038681.9717,3971766.9825,68,FRENCH VALLEY AIRPORT,FRENCH VALLEY,F70,Murrieta/Temecula,Riverside,Regional,REGIONAL-Business/Corporate,General Aviation,01931.6*A,8,Liliana Valle,lvalle@rivco.org,951-955-9418,http://www.gcr1.com/5010web/airport.cfm?Site=F70,33.574179,-117.128473,33-34-27.0447N,33-34-27N,117-07-42.5035W,33-34-27.0447N,117-07-42.5035W,117-07-43W
-13338338.3449,4401833.117,69,FRESNO CHANDLER EXECUTIVE AIRPORT,FRESNO CHANDLER EXECUTIVE,FCH,Fresno,Fresno,Regional,REGIONAL-Business/Corporate,Reliever,01590.*A,6,Alicia Mirando,Alicia.Mirando@fresno.gov,559-621-4508,http://www.gcr1.com/5010web/airport.cfm?Site=FCH,36.732119,-119.820332,36-43-56.514N,36-43-57N,119-49-11.626W,36-43-55.6300N,119-49-13.1950W,119-49-12W
-13326962.2722,4407956.8603,70,FRESNO YOSEMITE INTERNATIONAL AIRPORT,FRESNO YOSEMITE INT'L -139,FAT,Fresno,Fresno,Commercial/Primary,PRIMARY-SMALL HUB-METROPOLITAN-Business/Corporate,Commercial Service Primar,01591.*A,6,Kevin Meikle,kevin.meikle@fresno.gov,559-621-4600,http://www.gcr1.com/5010web/airport.cfm?Site=FAT,36.776194,-119.718139,36-46-34.300N,36-46-34N,119-43-05.300W,36-46-34.3000N,119-43-05.3000W,119-43-05W
-13133449.4788,4011629.5527,71,FULLERTON MUNICIPAL AIRPORT,FULLERTON MUNI,FUL,Fullerton,Orange,Regional,REGIONAL-Business/Corporate,Reliever,01593.*A,12,Brendan O'Reilly,brendanO@cityoffullerton.com,714-738-6323,http://www.gcr1.com/5010web/airport.cfm?Site=FUL,33.872014,-117.979784,33-52-19.251N,33-52-19N,117-58-47.223W,33-52-19.2510N,117-58-47.2230W,117-58-47W
-13011000.4879,4364171.8765,72,FURNACE CREEK AIRPORT,FURNACE CREEK,L06,Death Valley National Park,Inyo,Community,COMMUNITY-Recreation,Not a NPIAS Facility,01494.61*A,9,Karen McKinlay-Jones,Karen_McKinlay-Jones@nps.gov,760-786-3245,http://www.gcr1.com/5010web/airport.cfm?Site=L06,36.4605,-116.879806,36-27-49.813N,36-27-50N,116-52-53.193W,36-27-37.8000N,116-52-47.3000W,116-52-53W
-13463579.1172,4857791.729,73,GANSNER AIRPORT,GANSNER,2O1,Quincy,Plumas,Community,COMMUNITY,General Aviation,02074.*A,2,Kevin Correira,kevincorreira@countyofplumas.com,530-283-6299,http://www.gcr1.com/5010web/airport.cfm?Site=2O1,39.943889,-120.945389,39-56-37.610N,39-56-38N,120-56-48.834W,39-56-38.1000N,120-56-43.4000W,120-56-49W
-13782939.263,4878402.9234,74,GARBERVILLE AIRPORT,GARBERVILLE,O16,Garberville,Humboldt,Community,COMMUNITY,General Aviation,01599.1*A,1,Cody Roggatz,croggatz@co.humboldt.ca.us,707 839-5402,http://www.gcr1.com/5010web/airport.cfm?Site=O16,40.085694,-123.81425,40-05-09.521N,40-05-10N,123-48-49.103W,40-05-08.5000N,123-48-51.3000W,123-48-49W
-13160038.6958,4128747.1315,75,GENERAL WILLIAM J FOX AIRPORT,GEN. WILLIAM J. FOX,WJF,Lancaster,Los Angeles,Regional,REGIONAL-Business/Corporate,General Aviation,01754.2*A,7,Steve Irving,sirving@americanairports.net,661-940-1709,http://www.gcr1.com/5010web/airport.cfm?Site=WJF,34.741056,-118.218639,34-44-27.800N,34-44-27N,118-13-07.100W,34-44-27.8000N,118-13-07.1000W,118-13-08W
-13454611.6644,4710357.8033,76,GEORGETOWN AIRPORT,GEORGETOWN,E36,Georgetown,El Dorado,Community,COMMUNITY,General Aviation,01608.7*A,3,Sherrie Busby,sherrie.busby@edcgov.us,530-641-5984,http://www.gcr1.com/5010web/airport.cfm?Site=E36,38.920972,-120.864833,38-55-16.010N,38-55-16N,120-51-53.260W,38-55-15.5000N,120-51-53.4000W,120-51-53W
-13021312.9029,3872260.4914,77,GILLESPIE FIELD AIRPORT,GILLESPIE FIELD,SEE,San Diego/El Cajon,San Diego,Regional,REGIONAL-Business/Corporate,Reliever,02165.*A,11,Cathe Johnson,Catherine.Johnson@sdcounty.ca.gov,619-956-4800,http://www.gcr1.com/5010web/airport.cfm?Site=SEE,32.826222,-116.972444,32-49-34.400N,32-49-34N,116-58-20.80W,32-49-34.4000N,116-58-20.8000W,116-58-21W
-13642882.6456,4599733.1421,78,GNOSS FIELD AIRPORT,GNOSS FIELD,DVO,Novato,Marin,Regional,REGIONAL-Business/Corporate,Reliever,01967.*A,4,Dan Jensen,djensen@marincounty.org,415-897-1754,http://www.gcr1.com/5010web/airport.cfm?Site=DVO,38.143611,-122.5561,38-08-36.670N,38-08-37N,122-33-25.980W,38-08-37.0000N,122-33-21.9600W,122-33-26W
-13687244.6872,4786440.8182,79,GRAVELLY VALLEY AIRPORT,GRAVELLY VALLEY,1Q5,Upper Lake,Lake,Limited Use,LIMITED USE-Recreation,Not a NPIAS Facility,02387.*A,1,Frand Aebly,faebly@fs.fed.us,707-275-1401,http://www.gcr1.com/5010web/airport.cfm?Site=1Q5,39.450722,-122.954611,39-26-59.574N,39-27-00N,122-57-19.004W,39-27-02.6000N,122-57-16.6000W,122-57-19W
-13465678.7142,4475491.2063,80,GUSTINE AIRPORT,GUSTINE,3O1,Gustine,Merced,Community,COMMUNITY-Agriculture,General Aviation,01636.*A,10,Douglas Dunford,ddunford@cityofgustine.com,209-854-6471,http://www.gcr1.com/5010web/airport.cfm?Site=3O1,37.260583,-120.96425,37-15-45.782N,37-15-46N,120-57-47.731W,37-15-38.0000N,120-57-51.3000W,120-57-48W
-13597270.3748,4825389.7379,81,HAIGH FIELD AIRPORT,HAIGH FIELD,O37,Orland,Glenn,Community,COMMUNITY,General Aviation,01995.8*A,3,Mohammad Qureshi,airports@countyofglenn.net,530-934-6530,http://www.gcr1.com/5010web/airport.cfm?Site=O37,39.720368,-122.146358,39-43-16.471N,39-43-16N,122-08-47.943W,39-43-13.4000N,122-08-46.9000W,122-08-48W
-13636767.532,4510917.9598,82,HALF MOON BAY AIRPORT,HALF MOON BAY,HAF,Half Moon Bay,San Mateo,Regional,REGIONAL,Reliever,01638.*A,4,Gretchen Kelly,gkelly@smcgov.org,650-573-3700,http://www.gcr1.com/5010web/airport.cfm?Site=HAF,37.513444,-122.501167,37-30-49.786N,37-30-48N,122-30-03.921W,37-30-48.4000N,122-30-04.2000W,122-30-04W
-13316890.9752,4344289.8031,83,HANFORD MUNICIPAL AIRPORT,HANFORD MUNI,HJO,Hanford,Kings,Regional,REGIONAL,General Aviation,01641.*A,6,Everett Ehda,eehda@ci.hanford.ca.us,559-585-2589,http://www.gcr1.com/5010web/airport.cfm?Site=HJO,36.316722,-119.627667,36-19-06.679N,36-19-07N,119-37-43.923W,36-19-00.2000N,119-37-39.6000W,119-37-44W
-13735594.4156,5129675.5625,84,HAPPY CAMP AIRPORT,HAPPY CAMP,36S,Happy Camp,Siskiyou,Community,COMMUNITY,General Aviation,01645.*A,2,Mellisa Cummins,mcummins@co.siskiyou.ca.us,530-842-8269,http://www.gcr1.com/5010web/airport.cfm?Site=36S,41.790679,-123.388944,41-47-26.446N,41-47-26N,123-23-20.200W,41-47-26.4460N,123-23-20.2000W,123-23-20W
-13384885.4768,4334814.9879,85,HARRIS RANCH AIRPORT,HARRIS RANCH,3O8,Coalinga,Fresno,Limited Use,LIMITED USE,Not a NPIAS Facility,01419.12*A,6,Roger Vanderberg,rvanderberg@harrisranch.com,559-935-0717 x694,http://www.gcr1.com/5010web/airport.cfm?Site=3O8,36.248111,-120.238472,36-14-52.827N,36-14-53N,120-14-15.520W,36-14-53.2000N,120-14-18.5000W,120-14-16W
-13712272.9823,4945752.1443,86,HAYFORK AIRPORT,HAYFORK,F62,Hayfork,Trinity,Community,COMMUNITY,General Aviation,01650.01*A,2,Rick Tippett,tcdot@trinitycounty.org,530-623-1365 x3425,http://www.gcr1.com/5010web/airport.cfm?Site=F62,40.547,-123.179444,40-32-49.518N,40-32-50N,123-10-54.103W,40-32-49.2000N,123-10-46.7000W,123-10-54W
-13594531.0248,4531353.6463,87,HAYWARD EXECUTIVE AIRPORT,HAYWARD EXECUTIVE,HWD,Hayward,Alameda,Metropolitan,METROPOLITAN-Business/Corporate,Reliever,01651.*A,4,Pamela Svrdlin,pamela.svrdlin@hayward-ca.gov,510-293-5462,http://www.gcr1.com/5010web/airport.cfm?Site=HWD,37.658917,-122.12175,37-39-32.1000N,37-39-32N,122-07-18.3000W,37-39-32.1000N,122-07-18.3000W,122-07-18W
-13681017.0297,4672048.3568,88,HEALDSBURG MUNICIPAL AIRPORT,HEALDSBURG MUNI,HES,Healdsburg,Sonoma,Community,COMMUNITY,General Aviation,01651.7*A,4,Barry Holloway,healdsburaviation@earthlink.net,707-433-8540,http://www.gcr1.com/5010web/airport.cfm?Site=HES,38.652722,-122.898667,38-39-12.675N,38-39-13N,122-53-57.983W,38-39-09.8000N,122-53-55.2000W,122-53-58W
-13026890.0094,3993139.3336,89,HEMET-RYAN AIRPORT,HEMET - RYAN,HMT,Hemet,Riverside,Regional,REGIONAL-Business/Corporate,General Aviation,01654.*A,8,Liliana Valle,lvalle@rivco.org,951-955-9418,http://www.gcr1.com/5010web/airport.cfm?Site=HMT,33.733992,-117.022544,33-44-02.334N,33-44-02N,117-01-21.093W,33-44-02.3700N,117-01-21.1600W,117-01-21W
-13378373.2866,4886121.5071,90,HERLONG AIRPORT,HERLONG,H37,Herlong,Lassen,Limited Use,LIMITED USE,Not a NPIAS Facility,01661.*A,2,Peter Heimbigner,pheimbigner@co.lassen.ca.us,530-251-8299,http://www.gcr1.com/5010web/airport.cfm?Site=H37,40.138722,-120.179972,40-08-19.649N,40-08-20N,120-10-43.751W,40-08-19.4000N,120-10-47.9000W,120-10-44W
-13059563.6157,4079529.3978,91,HESPERIA AIRPORT,HESPERIA,L26,Hesperia,San Bernardino,Community,COMMUNITY,Not a NPIAS Facility,01662.*A,8,Bruce Thielbar,deb.airporthesperia@gmail.com,760-948-1203,http://www.gcr1.com/5010web/airport.cfm?Site=L26,34.376944,-117.316056,34-22-38.004N,34-22-38N,117-18-57.162W,34-22-37.0000N,117-18-57.8000W,117-18-57W
-13515329.5448,4424250.8641,92,HOLLISTER MUNICIPAL AIRPORT,HOLLISTER MUNI,CVH,Hollister,San Benito,Regional,REGIONAL,General Aviation,01668.*A,5,Mike Chambless,mike.chambless@hollister.ca.gov,831-636-4365 x10,http://www.gcr1.com/5010web/airport.cfm?Site=CVH,36.893345,-121.410271,36-53-36.043N,36-53-36N,121-24-36.974W,36-53-36.0430N,121-24-36.9740W,121-24-37W
-13766637.1915,5018460.7001,93,HOOPA AIRPORT,HOOPA,O21,Hoopa,Humboldt,Limited Use,LIMITED USE,General Aviation,01674.*A,1,Mike Hostler,hvtroads@gmail.com,530-625-4017,http://www.gcr1.com/5010web/airport.cfm?Site=O21,41.041472,-123.667806,41-02-34.468N,41-02-34N,123-40-06.202W,41-02-29.3000N,123-40-04.1000W,123-40-06W
-13744450.549,4957275.227,94,HYAMPOM AIRPORT,HYAMPOM,H47,Hyampom,Trinity,Community,COMMUNITY,Not a NPIAS Facility,01678.*A,2,Rick Tippett,tcdot@trinitycounty.org,530-623-1365 x3425,http://www.gcr1.com/5010web/airport.cfm?Site=H47,40.625611,-123.4685,40-37-39.507N,40-37-40N,123-28-14.131W,40-37-32.2000N,123-28-06.6000W,123-28-14W
-12866166.9286,3873319.9254,95,IMPERIAL COUNTY AIRPORT,IMPERIAL COUNTY -139,IPL,Imperial,Imperial,Commercial,Commercial Service Non-Primary,Commercial Service Non-Pr,01683.*A,11,Sandy Gutierrez-Carver,sandygutierrez@co.imperial.ca.us,442-265-3220 x5,http://www.gcr1.com/5010web/airport.cfm?Site=IPL,32.834219,-115.578744,32-50-03.193N,32-50-03N,115-34-43.484W,32-50-03.1900N,115-34-43.4800W,115-34-43W
-13158512.9508,4413542.2261,96,INDEPENDENCE AIRPORT,INDEPENDENCE,2O7,Independence,Inyo,Community,COMMUNITY,General Aviation,01686.*A,9,Mike Earrante,mearrante@inyocounty.us,760-878-0205,http://www.gcr1.com/5010web/airport.cfm?Site=2O7,36.816372,-118.204933,36-48-49.756N,36-48-50N,118-12-18.344W,36-48-58.9406N,118-12-17.7572W,118-12-18W
-13116723.614,4253765.6908,97,INYOKERN AIRPORT,INYOKERN - 139,IYK,Inyokern,Kern,Regional,REGIONAL-Business/Corporate,General Aviation,01695.*A,6,Scott Seymour,scott@inyokernairport.com,760-377-5844,http://www.gcr1.com/5010web/airport.cfm?Site=IYK,35.658741,-117.829533,35-39-31.835N,35-39-32N,117-49-46.244W,35-39-31.4686N,117-49-46.3170W,117-49-46W
-13829947.0349,5128106.1968,98,JACK MCNAMARA FIELD AIRPORT,JACK MCNAMARA FIELD -139,CEC,Crescent City,Del Norte,Commercial,Commercial Service Non-Primary,Commercial Service Non-Pr,01464.*A,1,Susan Daugherty,airport@co.del-norte.ca.us,707-464-7288,http://www.gcr1.com/5010web/airport.cfm?Site=CEC,41.780167,-124.236528,41-46-48.566N,41-46-49N,124-14-11.520W,41-46-48.6000N,124-14-11.5000W,124-14-12W
-13173012.7598,4018446.023,99,JACK NORTHROP FIELD/HAWTHORNE MUNICIPAL AIRPORT,JACK NORTHROP FIELD,HHR,Hawthorne,Los Angeles,Metropolitan,METROPOLITAN-Business/Corporate,Reliever,01647.*A,7,Guido Fernandez,gfernandez@cityofhawthorne.org,310-349-1637,http://www.gcr1.com/5010web/airport.cfm?Site=HHR,33.92284,-118.335187,33-55-22.223N,33-55-22N,118-20-06.674W,33-55-22.2230N,118-20-06.6740W,118-20-07W
-12930834.9812,3978782.0112,100,JACQUELINE COCHRAN REGIONAL AIRPORT,JACQUELINE COCHRAN REGIONAL,TRM,Thermal,Riverside,Regional,REGIONAL-Business/Corporate,General Aviation,02017.2*A,8,Liliana Valle,lvalle@rivco.org,951-955-9418,http://www.gcr1.com/5010web/airport.cfm?Site=TRM,33.626667,-116.159667,33-37-40.438N,33-37-40N,116-09-36.430W,33-37-36.0000N,116-09-34.8000W,116-09-36W
-12931468.8344,3844426.2345,101,JACUMBA AIRPORT,JACUMBA,L78,Jacumba,San Diego,Limited Use,LIMITED USE,Not a NPIAS Facility,01704.*A,11,Cathe Johnson,Catherine.Johnson@sdcounty.ca.gov,619-956-4800,http://www.gcr1.com/5010web/airport.cfm?Site=L78,32.615861,-116.165361,32-37-00.226N,32-36-57N,116-09-53.059W,32-36-57.1000N,116-09-55.3000W,116-09-55W
-13121030.4538,3985334.7267,102,"JOHN WAYNE AIRPORT, ORANGE CO.",JOHN WAYNE -139,SNA,Santa Ana,Orange,Commercial/Primary,PRIMARY-MEDIUIM HUB-METROPOLITAN-Business/Corporat,Commercial Service Primar,02230.*A,12,"Barry Rondinella, AAE/CAE",Brondinella@ocair.com,949-252-5183,http://www.gcr1.com/5010web/airport.cfm?Site=SNA,33.675667,-117.868222,33-40-32.371N,33-40-32N,117-52-05.601W,33-40-32.4000N,117-52-05.6000W,117-52-06W
-13182423.1529,4263289.2903,103,KERN VALLEY AIRPORT,KERN VALLEY,L05,Kernville,Kern,Community,COMMUNITY-Recreation,General Aviation,01710.1*A,6,Ron Brewster,brewsterr@kerncounty.com,661-391-1824,http://www.gcr1.com/5010web/airport.cfm?Site=L05,35.728222,-118.419722,35-43-41.825N,35-43-42N,118-25-11.305W,35-43-41.6000N,118-25-11.0000W,118-25-11W
-13509665.8317,4592371.9342,104,KINGDON AIRPARK AIRPORT,KINGDON AIRPARK,O20,Lodi,San Joaquin,Limited Use,LIMITED USE-Agriculture,Not a NPIAS Facility,01783.*A,10,Rick Grewal,agproject@sbcglobal.net,209-334-2961,http://www.gcr1.com/5010web/airport.cfm?Site=O20,38.091586,-121.359393,38-05-29.711N,38-05-30N,121-21-33.815W,38-05-29.7110N,121-21-33.8150W,121-21-34W
-13795515.2485,4970990.389,105,KNEELAND AIRPORT,KNEELAND,O19,Eureka,Humboldt,Community,COMMUNITY-Firefighting,General Aviation,01559.1*A,1,Cody Roggatz,croggatz@co.humboldt.ca.us,707 839-5402,http://www.gcr1.com/5010web/airport.cfm?Site=O19,40.719056,-123.927222,40-43-09.480N,40-43-09N,123-55-39.191W,40-43-08.6000N,123-55-38.0000W,123-55-39W
-13357819.5898,4706482.4585,106,LAKE TAHOE AIRPORT,LAKE TAHOE - 139 i,TVL,South Lake Tahoe,El Dorado,Regional,REGIONAL-Business/Corporate,General Aviation,02303.7*A,3,Mark Gibbs,mgibbs@cityofslt.us,530-542-6182,http://www.gcr1.com/5010web/airport.cfm?Site=TVL,38.893882,-119.995335,38-53-37.9740N,38-53-38N,119-59-43.2050W,38-53-38.0000N,119-59-43.2000W,119-59-43W
-13681245.7911,4720326.7681,107,LAMPSON FIELD AIRPORT,LAMPSON FIELD,1O2,Lakeport,Lake,Regional,REGIONAL,General Aviation,01743.*A,1,Scott DeLeon,scott.deleon@lakecountyca.gov,707-263-2341,http://www.gcr1.com/5010web/airport.cfm?Site=1O2,38.990611,-122.900722,38-59-24.629N,38-59-25N,122-53-58.983W,38-59-26.2000N,122-54-02.6000W,122-53-59W
-13258797.6744,4573462.9761,108,LEE VINING AIRPORT,LEE VINING,O24,Lee Vining,Mono,Limited Use,LIMITED USE-Recreation,General Aviation,01764.1*A,9,Garrett Higerd,ghigerd@mono.ca.gov,760-932-5457,http://www.gcr1.com/5010web/airport.cfm?Site=O24,37.957778,-119.105806,37-57-29.731N,37-57-30N,119-06-23.535W,37-57-28.0000N,119-06-20.9000W,119-06-24W
-13508768.5966,4708668.8637,109,LINCOLN REGIONAL AIRPORT / KARL HARDER FIELD,LINCOLN REGIONAL,LHM,Lincoln,Placer,Regional,REGIONAL-Business/Corporate,Reliever,01772.*A,3,Jennifer Hanson,jhanson@ci.lincoln.ca.us,916-434-3248,http://www.gcr1.com/5010web/airport.cfm?Site=LHM,38.909167,-121.351333,38-54-32.980N,38-54-33N,121-21-04.810W,38-54-33.0000N,121-21-04.8000W,121-21-05W
-13776202.764,4759276.0759,110,LITTLE RIVER AIRPORT,LITTLE RIVER,LLR,Little River,Mendocino,Community,COMMUNITY,General Aviation,01778.*A,1,Howard Dashiell,dot@co.mendocino.ca.us,707-463-4363,http://www.gcr1.com/5010web/airport.cfm?Site=LLR,39.262038,-123.753735,39-15-43.336N,39-15-43N,123-45-13.445W,39-15-43.4000N,123-45-13.6000W,123-45-13W
-13560980.5548,4536202.0511,111,LIVERMORE MUNICIPAL AIRPORT,LIVERMORE MUNI,LVK,Livermore,Alameda,Metropolitan,METROPOLITAN-Business/Corporate,Reliever,01779.2*A,4,David Decoteau,dbdecoteau@cityoflivermore.net,925-960-8220,http://www.gcr1.com/5010web/airport.cfm?Site=LVK,37.693389,-121.820361,37-41-36.238N,37-41-36N,121-49-13.267W,37-41-36.2000N,121-49-13.3000W,121-49-13W
-13504872.8598,4591311.3055,112,LODI AIRPARK AIRPORT,LODI AIRPARK,L53,Lodi,San Joaquin,Limited Use,LIMITED USE-Agriculture,Not a NPIAS Facility,01784.*A,10,Peter Precissi,pfs@clearwire.net,209-369-4408,http://www.gcr1.com/5010web/airport.cfm?Site=L53,38.084087,-121.316337,38-05-02.7130N,38-05-03N,121-18-58.8130W,38-05-02.7130N,121-18-58.8130W,121-18-59W
-13499624.925,4608068.3579,113,LODI AIRPORT,LODI,1O3,Lodi,San Joaquin,Community,COMMUNITY-Recreation,Not a NPIAS Facility,01782.*A,10,Bob Kupka,rkupka@lodiairport.com,209-369-9126,http://www.gcr1.com/5010web/airport.cfm?Site=1O3,38.202475,-121.269194,38-12-08.910N,38-12-09N,121-16-06.099W,38-12-08.9107N,121-16-09.0992W,121-16-06W
-13410381.0911,4118532.4392,114,LOMPOC AIRPORT,LOMPOC,LPC,Lompoc,Santa Barbara,Community,COMMUNITY,General Aviation,01788.2*A,5,Richard Fernbaugh,r_fernbaugh@ci.lompoc.ca.us,805-875-8268,http://www.gcr1.com/5010web/airport.cfm?Site=LPC,34.665619,-120.467503,34-39-56.197N,34-39-56N,120-28-00.438W,34-39-56.2300N,120-28-03.0100W,120-28-00W
-13141491.978,4381870.8549,115,LONE PINE AIRPORT,LONE PINE,O26,Lone Pine,Inyo,Community,COMMUNITY,General Aviation,01791.*A,9,Mike Earrante,mearrante@inyocounty.us,760-878-0205,http://www.gcr1.com/5010web/airport.cfm?Site=O26,36.588267,-118.052031,36-35-17.760N,36-35-18N,118-03-07.313W,36-35-19.3000N,118-02-57.8000W,118-03-07W
-13152581.6257,4004360.0952,116,LONG BEACH AIRPORT DAUGHERTY FIELD,LONG BEACH -139,LGB,Long Beach,Los Angeles,Commercial/Primary,PRIMARY-SMALL HUB-METROPOLITAN-Business/Corporate,Commercial Service Primar,01794.*A,7,Jess Romo,lgbarpt@longbeach.gov,562-570-2619,http://www.gcr1.com/5010web/airport.cfm?Site=LGB,33.817777,-118.151651,33-49-03.800N,33-49-04N,118-09-05.800W,33-49-03.9975N,118-09-05.9436W,118-09-06W
-13683651.5167,4975132.2739,117,LONNIE POOL FIELD-WEAVERVILLE,LONNIE POOL FIELD,O54,Weaverville,Trinity,Community,COMMUNITY-Recreation,General Aviation,02431.1*A,2,Rick Tippett,tcdot@trinitycounty.org,530-623-1365,http://www.gcr1.com/5010web/airport.cfm?Site=O54,40.74725,-122.922333,40-44-44.520N,40-44-45N,122-55-19.092W,40-44-50.1000N,122-55-20.4000W,122-55-19W
-13181024.8688,4021086.7438,118,LOS ANGELES INTERNATIONAL AIRPORT,LOS ANGELES INT'L -139,LAX,Los Angeles,Los Angeles,Commercial/Primary,PRIMARY-LARGE HUB-METROPOLITAN-Business/Corporate,Commercial Service Primar,01818.*A,7,Lew Winslow,lwinslow@lawa.org,424-646-5884,http://www.gcr1.com/5010web/airport.cfm?Site=LAX,33.942522,-118.407161,33-56-33.130N,33-56-33N,118-24-29.068W,33-56-32.9838N,118-24-29.0462W,118-24-29W
-13455171.3787,4448015.8353,119,LOS BANOS MUNICIPAL AIRPORT,LOS BANOS MUNI,LSN,Los Banos,Merced,Community,COMMUNITY-Agriculture,General Aviation,01839.*A,10,Greg Pimentel,greg.pimentel@losbanos.org,209-827-7056 x7056,http://www.gcr1.com/5010web/airport.cfm?Site=LSN,37.063889,-120.869861,37-03-50.00N,37-03-50N,120-52-11.500W,37-03-50.0000N,120-52-11.5000W,120-52-12W
-13370856.104,4437519.4264,120,MADERA MUNICIPAL AIRPORT,MADERA MUNI,MAE,Madera,Madera,Regional,REGIONAL-Business/Corporate,General Aviation,01853.*A,6,John Scarborough,jscarborough@cityofmadera.com,559-661-3687,http://www.gcr1.com/5010web/airport.cfm?Site=MAE,36.988611,-120.112444,36-59-08.583N,36-59-09N,120-06-43.144W,36-59-19.0000N,120-06-44.8000W,120-06-43W
-13229069.1365,4526452.8187,121,MAMMOTH YOSEMITE AIRPORT,MAMMOTH YOSEMITE -139,MMH,Mammoth Lakes,Mono,Commercial/Primary,PRIMARY-NON HUB-REGIONAL-Business/Corporate,Commercial Service Primar,01857.*A,9,Brian Picken,bpicken@townofmammothlakes.ca.gov,760-965-3620,http://www.gcr1.com/5010web/airport.cfm?Site=MMH,37.624056,-118.83875,37-37-26.575N,37-37-27N,118-50-15.980W,37-37-26.6000N,118-50-19.5000W,118-50-16W
-13554446.7685,4394808.378,122,MARINA MUNICIPAL AIRPORT,MARINA MUNI,OAR,Marina,Monterey,Community,COMMUNITY,General Aviation,01860.*A,5,Jeff Crechriou,jcrechriou@cityofmarina.org,831-384-2901,http://www.gcr1.com/5010web/airport.cfm?Site=OAR,36.681528,-121.761667,36-40-54.850N,36-40-55N,121-45-44.817W,36-40-53.5000N,121-45-42.0000W,121-45-45W
-13362739.132,4510555.4667,123,MARIPOSA - YOSEMITE AIRPORT,MARIPOSA - YOSEMITE,MPI,Mariposa,Mariposa,Regional,REGIONAL,General Aviation,01866.*A,10,Gary Brown,gbrown@mariposacounty.org,209-966-5356 x130,http://www.gcr1.com/5010web/airport.cfm?Site=MPI,37.510861,-120.039528,37-30-38.772N,37-30-39N,120-02-30.638W,37-30-39.1000N,120-02-22.3000W,120-02-31W
-13055559.1197,3912339.4047,124,McCLELLAN - PALOMAR AIRPORT,McCLELLAN - PALOMAR -139,CRQ,Carlsbad,San Diego,Commercial,Commercial Service Non-Primary,Commercial Service Non-Primar,01376.1*A,11,Olivier Brackett,Olivier.Brackett@sdcounty.ca.gov,760-966-3272,http://www.gcr1.com/5010web/airport.cfm?Site=CRQ,33.12825,-117.280083,33-07-41.600N,33-07-42N,117-16-48.800W,33-07-41.7000N,117-16-48.3000W,117-16-49W
-13514254.1986,4674174.913,125,McCLELLAN AIRFIELD,McCLELLAN,MCC,Sacramento,Sacramento,Metropolitan,METROPOLITAN-Business/Corporate,General Aviation,02128.*A,3,Joshua Henry,JHenry@flykmcc.com,916-570-5349,http://www.gcr1.com/5010web/airport.cfm?Site=MCC,38.667639,-121.400611,38-40-04.460N,38-40-04N,121-24-02.140W,38-40-03.5000N,121-24-02.2000W,121-24-02W
-13253438.8655,4222998.5512,126,MEADOWS FIELD AIRPORT,MEADOWS FIELD -139,BFL,Bakersfield,Kern,Commercial/Primary,PRIMARY-NON HUB-REGIONAL-Business/Corporate,Commercial Service Primar,01291.*A,6,Ron Brewster,brewsterr@kerncounty.com,661-391-1824,http://www.gcr1.com/5010web/airport.cfm?Site=BFL,35.433861,-119.057667,35-26-00.953N,35-26-01N,119-03-24.365W,35-26-01.9000N,119-03-27.6000W,119-03-24W
-13283371.452,4322188.3967,127,MEFFORD FIELD AIRPORT,MEFFORD FIELD,TLR,Tulare,Tulare,Regional,REGIONAL,General Aviation,02371.*A,6,Rich Lujan,rlujan@ci.tulare.ca.us,559-684-4329,http://www.gcr1.com/5010web/airport.cfm?Site=TLR,36.156583,-119.326556,36-09-22.700N,36-09-23N,119-19-34.200W,36-09-23.7000N,119-19-35.6000W,119-19-34W
-13415547.8739,4478871.9364,128,MERCED REGIONAL AIRPORT MACREADY FIELD,MERCED REGIONAL,MCE,Merced,Merced,Commercial,Commercial Service Non-Primary,Commercial Service Non-Pr,01886.*A,10,Martin Pehl,pehlm@cityofmerced.org,209-385-6874,http://www.gcr1.com/5010web/airport.cfm?Site=MCE,37.28475,-120.513917,37-17-05.023N,37-17-05N,120-30-49.989W,37-17-05.1000N,120-30-50.1000W,120-30-50W
-13483162.1082,4332096.8882,129,MESA DEL REY AIRPORT,MESA DEL REY,KIC,King City,Monterey,Community,COMMUNITY,General Aviation,01713.*A,5,Michael Powers,mpowers@kingcity.com,831-386-5917,http://www.gcr1.com/5010web/airport.cfm?Site=KIC,36.228417,-121.121306,36-13-40.877N,36-13-41N,121-07-18.701W,36-13-42.8000N,121-07-16.7000W,121-07-19W
-13605548.5374,4540130.1627,130,METROPOLITAN OAKLAND INTERNATIONAL AIRPORT,METRO OAKLAND INT'L -139,OAK,Oakland,Alameda,Commercial/Primary,PRIMARY-MEDIUM HUB-METROPOLITAN-Business/Corporate,Commercial Service Primar,01971.*A,4,Matt Davis,mpdavis@portoakland.com,510-563-6436,http://www.gcr1.com/5010web/airport.cfm?Site=OAK,37.721306,-122.220722,37-43-16.647N,37-43-17N,122-13-14.580W,37-43-16.6000N,122-13-14.6000W,122-13-15W
-13464584.5549,4526700.3284,131,MODESTO CITY - COUNTY AIRPORT/HARRY SHAM FIELD,MODESTO,MOD,Modesto,Stanislaus,Regional,REGIONAL-Business/Corporate,General Aviation,01896.*A,10,Steve Fischio,modairport@modestogov.com,209-577-5318,http://www.gcr1.com/5010web/airport.cfm?Site=MOD,37.625817,-120.954421,37-37-33.000N,37-37-33N,120-57-15.900W,37-37-33.0000N,120-57-15.9000W,120-57-16W
-13152459.7308,4171852.808,132,MOJAVE  AIR AND SPACE PORT,MOJAVE AIR & SPACE PORT,MHV,Mojave,Kern,Regional,REGIONAL-Business/Corporate,General Aviation,01899.*A,6,Karina Drees,karina@mojaveairport.com,661-824-2433,http://www.gcr1.com/5010web/airport.cfm?Site=MHV,35.058639,-118.150556,35-03-33.713N,35-03-34N,118-09-06.682W,35-03-31.1000N,118-09-02.0000W,118-09-07W
-13641711.3419,5120682.8162,133,"MONTAGUE-YREKA, ROHRER FIELD",MONTAGUE-YREKA,1O5,Montague,Siskiyou,Community,COMMUNITY,Not a NPIAS Facility,01905.*A,2,Shelly Grey,cityofmontague@sbcglobal.net,530-459-3030,http://www.gcr1.com/5010web/airport.cfm?Site=1O5,41.73042,-122.545578,41-43-49.513N,41-43-50N,122-32-44.082W,41-43-49.5130N,122-32-44.0820W,122-32-44W
-13563494.4829,4381695.1995,134,MONTEREY  PENINSULA AIRPORT,MONTEREY  REGIONAL -139,MRY,Monterey,Monterey,Commercial/Primary,PRIMARY-NON HUB-REGIONAL-Business/Corporate,Commercial Service Primar,01914.*A,5,Michael LaPier,mike@montereyairport.com,831-648-7000 x207,http://www.gcr1.com/5010web/airport.cfm?Site=MRY,36.587,-121.842944,36-35-13.200N,36-35-13N,121-50-34.600W,36-35-13.2000N,121-50-34.6000W,121-50-35W
-13039918.7313,3870869.6076,135,MONTGOMERY FIELD,MONTGOMERY FIELD,MYF,San Diego,San Diego,Metropolitan,METROPOLITAN-Business/Corporate,Reliever,02166.*A,11,Charles Broadbent,cbroadbent@sandiego.gov,858-573-1430,http://www.gcr1.com/5010web/airport.cfm?Site=MYF,32.815722,-117.139583,32-48-56.639N,32-48-57N,117-08-22.439W,32-48-56.6000N,117-08-22.5000W,117-08-22W
-13182803.5317,4177625.7386,136,MOUNTAIN VALLEY AIRPORT,MOUNTAIN VALLEY,L94,Tehachapi,Kern,Community,COMMUNITY-Recreation,Not a NPIAS Facility,02341.1*A,6,Larry Barrett,mva7@earthlink.net,661-822-5267,http://www.gcr1.com/5010web/airport.cfm?Site=L94,35.101078,-118.423139,35-06-03.880N,35-06-04N,118-25-23.301W,35-06-03.8800N,118-25-23.3010W,118-25-23W
-13816172.8064,4983384.6969,137,MURRAY FIELD AIRPORT,MURRAY FIELD,EKA,Eureka,Humboldt,Regional,REGIONAL,General Aviation,01560.*A,1,Cody Roggatz,croggatz@co.humboldt.ca.us,707 839-5402,http://www.gcr1.com/5010web/airport.cfm?Site=EKA,40.803389,-124.112792,40-48-12.200N,40-48-12N,124-06-46.050W,40-48-12.2000N,124-06-46.0500W,124-06-46W
-13612224.5899,4609586.9066,138,NAPA COUNTY AIRPORT,NAPA COUNTY,APC,Napa,Napa,Regional,REGIONAL-Business/Corporate,Reliever,01933.*A,4,Greg Baer,greg.baer@countyofnapa.org,707-253-4665,http://www.gcr1.com/5010web/airport.cfm?Site=APC,38.213194,-122.280694,38-12-47.500N,38-12-48N,122-16-50.500W,38-12-47.5000N,122-16-50.5000W,122-16-51W
-12759805.1627,4132173.7948,139,NEEDLES AIRPORT,NEEDLES,EED,Needles,San Bernardino,Regional,REGIONAL,General Aviation,01938.*A,8,Maureen Snelgrove,Maureen.Snelgrove@airports.sbcounty.gov,909-387-2591,http://www.gcr1.com/5010web/airport.cfm?Site=EED,34.766347,-114.62328,34-45-58.300N,34-45-58N,114-37-23.855W,34-45-58.8486N,114-37-23.8076W,114-37-24W
-13397616.0851,4839606.1998,140,NERVINO AIRPORT,NERVINO,O02,Beckwourth,Plumas,Community,COMMUNITY,General Aviation,01307.*A,2,Kevin Correira,kevincorreira@countyofplumas.com,530-283-6299,http://www.gcr1.com/5010web/airport.cfm?Site=O02,39.818528,-120.352833,39-49-14.648N,39-49-15N,120-21-15.756W,39-49-06.7000N,120-21-10.1000W,120-21-16W
-13470001.584,4753812.654,141,NEVADA COUNTY AIRPORT,NEVADA COUNTY,GOO,Grass Valley,Nevada,Regional,REGIONAL-Recreation,General Aviation,01626.*A,3,Kevin Edwards,Kevin.Edwards2@co.nevada.ca.us,530-273-3374,http://www.gcr1.com/5010web/airport.cfm?Site=GOO,39.224028,-121.003083,39-13-26.500N,39-13-27N,121-00-11.100W,39-13-26.5000N,121-00-11.1000W,121-00-11W
-13391046.1201,4323092.328,142,NEW COALINGA MUNICIPAL AIRPORT,NEW COALINGA MUNI,C80,Coalinga,Fresno,Community,COMMUNITY,General Aviation,01419.13*A,6,Mercedes Garcia,mgarcia@coalinga.com,559-935-1533,http://www.gcr1.com/5010web/airport.cfm?Site=C80,36.163139,-120.293814,36-09-43.600N,36-09-44N,120-17-41.400W,36-09-43.6000N,120-17-41.4000W,120-17-41W
-13323338.1548,4155722.7655,143,NEW CUYAMA AIRPORT,NEW CUYAMA,L88,New Cuyama,Santa Barbara,Limited Use,LIMITED USE,Not a NPIAS Facility,01943.*A,5,Emily Johnson,em@blueskycenter.org,805-770-0926,https://www.gcr1.com/5010ReportRouter/L88.pdf,34.939944,-119.685583,34-56-23.800N,34-56-24N,119-41-18.471W,34-56-23.8000N,119.41-08.1000W,119-41-18W
-13503187.1487,4534006.122,144,NEW JERUSALEM AIRPORT,NEW JERUSALEM,1Q4,Tracy,San Joaquin,Limited Use,LIMITED USE,Not a NPIAS Facility,02358.*A,10,Paula Jessup,paula.jessup@cityoftracy.org,209-836-8949,http://www.gcr1.com/5010web/airport.cfm?Site=1Q4,37.677778,-121.301194,37-40-44.746N,37-40-45N,121-17-58.787W,37-40-40.0000N,121-18-04.3000W,121-17-59W
-13576701.3159,4632931.4952,145,NUT TREE AIRPORT,NUT TREE,VCB,Vacaville,Solano,Regional,REGIONAL-Business/Corporate,General Aviation,02389.1*A,4,Dave Daly,airport@solanocounty.com,707-469-4603,http://www.gcr1.com/5010web/airport.cfm?Site=VCB,38.377778,-121.961583,38-22-36.306N,38-22-36N,121-57-44.838W,38-22-40.0000N,121-57-41.7000W,121-57-45W
-13447416.0838,4545060.7943,146,OAKDALE MUNICIPAL AIRPORT,OAKDALE MUNI,O27,Oakdale,Stanislaus,Community,COMMUNITY,General Aviation,01970.*A,10,Michael Renfrow,MRenfrow@ci.oakdale.ca.us,209-845-3640,http://www.gcr1.com/5010web/airport.cfm?Site=O27,37.756333,-120.800194,37-45-22.841N,37-45-23N,120-48-00.752W,37-45-22.8000N,120-48-00.7000W,120-48-01W
-13751367.8308,4693293.7598,147,OCEAN RIDGE AIRPORT,OCEAN RIDGE,E55,Gualala,Mendocino,Community,COMMUNITY,Not a NPIAS Facility,01635.85*A,1,Julie Bower,JulieBower001@gmail.com,707-884-3579,http://www.gcr1.com/5010web/airport.cfm?Site=E55,38.801611,-123.530639,38-48-04.676N,38-48-05N,123-31-49.036W,38-48-05.8000N,123-31-50.3000W,123-31-49W
-13427619.8048,4177679.3479,148,OCEANO COUNTY AIRPORT,OCEANO,L52,Oceano,San Luis Obispo,Limited Use,LIMITED USE-Recreation,General Aviation,01971.7*A,5,Kevin Bumen,capiper@co.slo.ca.us,805-781-5205,http://www.gcr1.com/5010web/airport.cfm?Site=L52,35.101472,-120.622361,35-06-04.913N,35-06-05N,120-37-19.615W,35-06-05.3000N,120-37-20.5000W,120-37-20W
-12927708.6846,3914935.4886,149,OCOTILLO AIRPORT,OCOTILLO,L90,Ocotillo Wells,San Diego,Limited Use,LIMITED USE,Not a NPIAS Facility,01979.*A,11,Cathe Johnson,Catherine.Johnson@sdcounty.ca.gov,619-956-4810,http://www.gcr1.com/5010web/airport.cfm?Site=L90,33.147778,-116.131583,33-08-52.0000N,33-08-52N,116-07-53.7000W,33-08-52.0000N,116-07-53.7000W,116-07-54W
-13091305.0327,4036323.9388,150,ONTARIO INTERNATIONAL AIRPORT,ONTARIO INT'L -139,ONT,Ontario,San Bernardino,Commercial/Primary,PRIMARY-MEDIUM HUB-METROPOLITAN-Business/Corporate,Commercial Service Primar,01986.*A,8,Mark Thorpe,mthorpe@flyontario.org,909-544-5300,http://www.gcr1.com/5010web/airport.cfm?Site=ONT,34.056,-117.601194,34-03-21.600N,34-03-22N,117-36-04.300W,34-03-21.6000N,117-36-04.3000W,117-36-04W
-13538899.1092,4791788.4291,151,OROVILLE MUNICIPAL AIRPORT,OROVILLE MUNI,OVE,Oroville,Butte,Regional,REGIONAL,General Aviation,01998.*A,3,Rick Farley,airport-manager@cityoforoville.org,530-538-4307,http://www.gcr1.com/5010web/airport.cfm?Site=OVE,39.487806,-121.622,39-29-15.900N,39-29-16N,121-37-19.200W,39-29-16.1000N,121-37-19.2000W,121-37-19W
-13270087.252,4055797.3418,152,OXNARD AIRPORT,OXNARD - 139i,OXR,Oxnard,Ventura,Metropolitan,METROPOLITAN-Business/Corporate,General Aviation,02001.*A,7,Jorge Rubio,Jorge.Rubio@ventura.org,805-388-4200,http://www.gcr1.com/5010web/airport.cfm?Site=OXR,34.200806,-119.207222,34-12-02.883N,34-12-03N,119-12-25.979W,34-12-02.9000N,119-12-26.0000W,119-12-26W
-12969465.8501,4005953.333,153,PALM SPRINGS INTERNATIONAL AIRPORT,PALM SPRINGS INT'L -139,PSP,Palm Springs,Riverside,Commercial/Primary,PRIMARY-SMALL HUB-METROPOLITAN-Business/Corporate,Commercial Service Primar,02017.*A,8,Thomas Nolan,Thomas.Nolan@palmsprings-ca.gov,760-318-3901,http://www.gcr1.com/5010web/airport.cfm?Site=PSP,33.829667,-116.506694,33-49-45.176N,33-49-45N,116-30-22.511W,33-49-46.8000N,116-30-24.1000W,116-30-23W
-13593785.8521,4503576.0973,154,PALO ALTO AIRPORT,PALO ALTO,PAO,Palo Alto,Santa Clara,Metropolitan,METROPOLITAN-Business/Corporate,Reliever,02022.*A,4,Andrew Swanson,andrew.swanson@cityofpaloalto.org,650-329-2444,http://www.gcr1.com/5010web/airport.cfm?Site=PAO,37.461111,-122.115056,37-27-40.030N,37-27-40N,122-06-54.160W,37-27-40.0000N,122-06-54.2000W,122-06-54W
-13428145.4554,4255704.2518,155,PASO ROBLES MUNICIPAL AIRPORT,PASO ROBLES MUNI,PRB,Paso Robles,San Luis Obispo,Regional,REGIONAL-Business/Corporate,General Aviation,02032.*A,5,Roger Oxborrow,airport@prcity.com,805-237-3877,http://www.gcr1.com/5010web/airport.cfm?Site=PRB,35.672889,-120.627083,35-40-22.390N,35-40-22N,120-37-37.401W,35-40-22.4000N,120-37-37.5000W,120-37-37W
-13048759.3913,3997242.4074,156,PERRIS VALLEY AIRPORT,PERRIS VALLEY,L65,Perris,Riverside,Community,COMMUNITY-Recreation,Not a NPIAS Facility,02037.1*A,8,Pat Conatser,skydiveperrispat@aol.com,951-657-3904,http://www.gcr1.com/5010web/airport.cfm?Site=L65,33.764639,-117.219,33-45-39.071N,33-45-39N,117-13-06.128W,33-45-52.7000N,117-13-08.4000W,117-13-06W
-13648363.2381,4615905.4737,157,PETALUMA MUNICIPAL AIRPORT,PETALUMA MUNI,O69,Petaluma,Sonoma,Regional,REGIONAL-Business/Corporate,Reliever,02042.*A,4,Bob Patterson,bpatterson@ci.petaluma.ca.us,707-778-4404,http://www.gcr1.com/5010web/airport.cfm?Site=O69,38.257778,-122.605333,38-15-28.197N,38-15-28N,122-36-19.946W,38-15-28.0000N,122-36-19.2000W,122-36-20W
-13378141.4081,4559902.3884,158,PINE MOUNTAIN LAKE AIRPORT,PINE MOUNTAIN LAKE,E45,Groveland,Tuolumne,Community,COMMUNITY-Recreation,General Aviation,01635.61*A,10,Benedict Stuth,BStuth@co.tuolumne.ca.us,209-533-6684,http://www.gcr1.com/5010web/airport.cfm?Site=E45,37.861667,-120.177889,37-51-42.000N,37-51-42N,120-10-42.800W,37-51-42.0000N,120-10-42.8000W,120-10-43W
-13442199.5412,4682245.3738,159,PLACERVILLE AIRPORT,PLACERVILLE,PVF,Placerville,El Dorado,Regional,REGIONAL-Business/Corporate-Firefighting,General Aviation,02052.*A,3,Matthew Mergen,Matthew.Mergen@edcgov.us,530-622-0459,http://www.gcr1.com/5010web/airport.cfm?Site=PVF,38.724222,-120.753333,38-43-27.185N,38-43-27N,120-45-11.970W,38-43-27.2000N,120-45-12.0000W,120-45-12W
-13254002.5874,4304696.1524,160,PORTERVILLE MUNICIPAL AIRPORT,PORTERVILLE MUNI,PTV,Porterville,Tulare,Regional,REGIONAL,General Aviation,02062.*A,6,Andre Labonte,alabonte@ci.porterville.ca.us,559-782-7540,http://www.gcr1.com/5010web/airport.cfm?Site=PTV,36.029608,-119.062731,36-01-46.588N,36-01-47N,119-03-45.832W,36-01-46.5000N,119-03-45.8000W,119-03-46W
-13261299.2461,4245226.299,161,POSO-KERN COUNTY AIRPORT,POSO,L73,Famoso,Kern,Limited Use,LIMITED USE,Not a NPIAS Facility,01569.3*A,6,Mark Witsoe,witsoem@kerncounty.com,661-391-1817,http://www.gcr1.com/5010web/airport.cfm?Site=L73,35.596389,-119.128278,35-35-47.839N,35-35-48N,119-07-39.375W,35-35-47.0000N,119-07-41.8000W,119-07-39W
-13014946.096,3900503.8823,162,RAMONA AIRPORT,RAMONA,RNM,Ramona,San Diego,Regional,REGIONAL,Reliever,02078.*A,11,Meadow Chase,mkchase6@gmail.com,760-788-3366,http://www.gcr1.com/5010web/airport.cfm?Site=RNM,33.039167,-116.91525,33-02-20.058N,33-02-20N,116-54-49.101W,33-02-21.0000N,116-54-54.9000W,116-54-49W
-13481099.5806,4648421.2899,163,RANCHO MURIETA AIRPORT,RANCHO MURIETA,RIU,Rancho Murieta,Sacramento,Community,COMMUNITY,General Aviation,02078.751*A,3,Stan Buscombe,ranchomurieta@flyingvikings.com,916-354-2940,http://www.gcr1.com/5010web/airport.cfm?Site=RIU,38.486778,-121.102778,38-28-08.673N,38-28-09N,121-04-30.799W,38-29-12.4000N,121-06-10.0000W,121-04-31W
-13399106.5418,4983368.3729,164,RAVENDALE AIRPORT,RAVENDALE,O39,Ravendale,Lassen,Limited Use,LIMITED USE,Not a NPIAS Facility,02082.*A,2,Peter Heimbigner,pheimbigner@co.lassen.ca.us,530-251-8299,http://www.gcr1.com/5010web/airport.cfm?Site=O39,40.803278,-120.366222,40-48-11.632N,40-48-12N,120-21-59.000W,40-48-11.8000N,120-21-58.4000W,120-21-59W
-13609064.4523,4887864.946,165,RED BLUFF MUNICIPAL AIRPORT,RED BLUFF MUNI,RBL,Red Bluff,Tehama,Community,COMMUNITY,General Aviation,02085.*A,2,Richard Crabtree,rcrabtree@ci.red-bluff.ca.us,530-527-2605,http://www.gcr1.com/5010web/airport.cfm?Site=RBL,40.150694,-122.252306,40-09-02.364N,40-09-02N,122-15-08.245W,40-09-01.1000N,122-15-07.9000W,122-15-08W
-13613637.7909,4940186.8175,166,REDDING MUNICIPAL AIRPORT,REDDING MUNI -139,RDD,Redding,Shasta,Commercial/Primary,PRIMARY-NON HUB-REGIONAL-Business/Corporate,Commercial Service Primar,02089.*A,2,Bryant Garrett,BGarrett@cityofredding.org,530-224-4321,http://www.gcr1.com/5010web/airport.cfm?Site=RDD,40.509,-122.293389,40-30-32.341N,40-30-32N,122-17-36.247W,40-30-32.4000N,122-17-36.2000W,122-17-36W
-13040675.2585,4040256.3833,167,REDLANDS MUNICIPAL AIRPORT,REDLANDS MUNI,REI,Redlands,San Bernardino,Regional,REGIONAL-Business/Corporate,General Aviation,02092.*A,8,Will Hamilton,whamilton@cityofredlands.org,909-798-7655,http://www.gcr1.com/5010web/airport.cfm?Site=REI,34.085262,-117.146379,34-05-06.942N,34-05-07N,117-08-46.964W,34-05-06.9000N,117-08-47.0000W,117-08-47W
-13297224.4947,4393350.995,168,REEDLEY MUNICIPAL AIRPORT,REEDLEY MUNI,O32,Reedley,Fresno,Community,COMMUNITY,General Aviation,02099.*A,6,Sarah Reid,Sarah.Reid@reedley.ca.gov,559-637-4203,http://www.gcr1.com/5010web/airport.cfm?Site=O32,36.671028,-119.451,36-39-58.821N,36-39-59N,119-26-59.454W,36-40-15.7000N,119-27-03.6000W,119-26-59W
-13560918.7724,4485605.4349,169,REID HILLVIEW AIRPORT,REID HILLVIEW,RHV,San Jose,Santa Clara,Metropolitan,METROPOLITAN-Business/Corporate,Reliever,02203.*A,4,Eric Peterson,Eric@countyairports.org,408-918-7722,http://www.gcr1.com/5010web/airport.cfm?Site=RHV,37.332861,-121.819806,37-19-58.300N,37-19-58N,121-49-11.300W,37-19-58.3000N,121-49-11.3000W,121-49-11W
-13519244.9853,4675224.455,170,RIO LINDA AIRPORT,RIO LINDA,L36,Rio Linda,Sacramento,Community,COMMUNITY,Not a NPIAS Facility,02110.4*A,3,William Mauser,mauseraviation@sbcglobal.net,916-991-1725,http://www.gcr1.com/5010web/airport.cfm?Site=L36,38.675,-121.445444,38-40-29.550N,38-40-30N,121-26-43.840W,38-40-30.0000N,121-26-43.6000W,121-26-44W
-13547987.1212,4606781.3295,171,RIO VISTA MUNICIPAL AIRPORT,RIO VISTA MUNI,O88,Rio Vista,Solano,Regional,REGIONAL,General Aviation,02110.9*A,4,Robert Hickey,rhickey@ci.rio-vista.ca.us,707-374-6451 x1101,http://www.gcr1.com/5010web/airport.cfm?Site=O88,38.193389,-121.703639,38-11-36.600N,38-11-37N,121-42-08.600W,38-11-36.2000N,121-42-13.1000W,121-42-09W
-13073929.9527,4022343.7222,172,RIVERSIDE MUNICIPAL AIRPORT,RIVERSIDE MUNI,RAL,Riverside,Riverside,Regional,REGIONAL-Business/Corporate,Reliever,02112.*A,8,Kim Ellis,kellis@riversideca.gov,951-351-6113,http://www.gcr1.com/5010web/airport.cfm?Site=RAL,33.951889,-117.445111,33-57-06.751N,33-57-07N,117-26-42.366W,33-57-06.8000N,117-26-42.4000W,117-26-42W
-13496505.0849,4907058.2821,173,ROGERS FIELD AIRPORT,ROGERS FIELD,O05,Chester,Plumas,Regional,REGIONAL,General Aviation,01392.*A,2,Kevin Correira,plumascountyfs@gmail.com,530-283-6299,http://www.gcr1.com/5010web/airport.cfm?Site=O05,40.282353,-121.241168,40-16-56.470N,40-16-56N,121-14-28.206W,40-16-56.5000N,121-14-28.2000W,121-14-28W
-13818385.2813,4946769.4757,174,ROHNERVILLE AIRPORT,ROHNERVILLE,FOT,Fortuna,Humboldt,Regional,REGIONAL,General Aviation,01586.*A,1,Cody Roggatz,croggatz@co.humboldt.ca.us,707 839-5402,http://www.gcr1.com/5010web/airport.cfm?Site=FOT,40.553944,-124.132667,40-33-14.169N,40-33-14N,124-07-57.572W,40-33-14.2000N,124-07-57.6000W,124-07-58W
-13158566.8294,4146296.5075,175,ROSAMOND SKYPARK AIRPORT,ROSAMOND SKYPARK,L00,Rosamond,Kern,Community,COMMUNITY,Not a NPIAS Facility,02116.2*A,6,Francis Zeller,admin@skypark.org,661-572-5074,http://www.gcr1.com/5010web/airport.cfm?Site=L00,34.8705,-118.205417,34-52-13.8000N,34-52-14N,118-12-19.5000W,34-52-13.8000N,118-12-19.5000W,118-12-20W
-13721945.4215,4835544.8507,176,ROUND VALLEY AIRPORT,ROUND VALLEY,O09,Covelo,Mendocino,Community,COMMUNITY,General Aviation,01458.*A,1,Howard Dashiell,dot@mendocinocounty.org,707-463-4363,http://www.gcr1.com/5010web/airport.cfm?Site=O09,39.7905,-123.266333,39-47-24.556N,39-47-25N,123-15-59.049W,39-47-25.8000N,123-15-58.8000W,123-15-59W
-13725436.512,4896720.5693,177,RUTH AIRPORT,RUTH,T42,Ruth,Trinity,Community,COMMUNITY-Recreation,General Aviation,02119.8*A,2,Rick Tippett,tcdot@trinitycounty.org,530-623-1365 x3425,http://www.gcr1.com/5010web/airport.cfm?Site=T42,40.211472,-123.297694,40-12-40.533N,40-12-41N,123-17-51.083W,40-12-41.3000N,123-17-51.7000W,123-17-51W
-13524591.4378,4652083.9954,178,SACRAMENTO EXECUTIVE AIRPORT,SACRAMENTO EXECUTIVE,SAC,Sacramento,Sacramento,Metropolitan,METROPOLITAN-Business/Corporate,Reliever,02127.*A,3,John Pires,piresj@saccounty.net,916-875-6760,http://www.gcr1.com/5010web/airport.cfm?Site=SAC,38.512528,-121.493472,38-30-45.086N,38-30-45N,121-29-36.488W,38-30-45.1000N,121-29-36.5000W,121-29-36W
-13535423.4921,4678136.1049,179,SACRAMENTO INTERNATIONAL AIRPORT,SACRAMENTO INT'L -139,SMF,Sacramento,Sacramento,Commercial/Primary,PRIMARY-MEDIUM HUB-METROPOLITAN-Business/Corporate,Commercial Service Primar,02124.2*A,3,Sheri Thompson-Duarte,Thompson-duarteS@saccounty.net,916-874-0560,http://www.gcr1.com/5010web/airport.cfm?Site=SMF,38.695417,-121.590778,38-41-43.551N,38-41-44N,121-35-26.748W,38-41-43.6000N,121-35-26.8000W,121-35-27W
-13502748.1047,4658165.6987,180,SACRAMENTO MATHER AIRPORT,SACRAMENTO MATHER,MHR,Sacramento,Sacramento,Metropolitan,METROPOLITAN-Cargo,Reliever,02126.*A,3,John Pires,piresj@saccounty.net,916-875-6760,http://www.gcr1.com/5010web/airport.cfm?Site=MHR,38.555264,-121.29725,38-33-14.029N,38-33-14N,121-17-51.327W,38-33-18.9497N,121-17-50.1006W,121-17-51W
-13537158.1837,4392206.0479,181,SALINAS MUNICIPAL AIRPORT,SALINAS MUNICIPAL,SNS,Salinas,Monterey,Regional,REGIONAL-Business/Corporate,General Aviation,02137.*A,5,Brett Godown,brett.godown@ci.salinas.ca.us,831-758-7214,http://www.gcr1.com/5010web/airport.cfm?Site=SNS,36.662778,-121.606361,36-39-46.000N,36-39-46N,121-36-22.900W,36-39-46.0000N,121-36-22.9000W,121-36-23W
-12907782.4957,3927362.3676,182,SALTON SEA AIRPORT,SALTON SEA,SAS,Salton City,Imperial,Limited Use,LIMITED USE,Not a NPIAS Facility,02139.*A,11,Debbie Hansen,debbie@burrtec.com,909-429-4200,http://www.gcr1.com/5010web/airport.cfm?Site=SAS,33.241194,-115.952583,33-14-28.3000N,33-14-28N,115-57-09.3000W,33-14-28.3000N,115-57-09.3000W,115-57-09W
-13827247.5373,4980072.2471,183,SAMOA FIELD,SAMOA FIELD,O33,Eureka,Humbolt,Community,COMMUNITY,Not a NPIAS Facility,01561.A*,0,Lisa Savage,lsavage@ci.eureka.ca.gov,707-441-4186,http://www.gcr1.com/5010web/airport.cfm?Site=O33,40.780861,-124.212278, , , , , , 
-13050526.2542,4041612.6674,184,SAN BERNARDINO INTERNATIONAL AIRPORT,SAN BERNARDINO INT'L - 139,SBD,San Bernardino,San Bernardino,Regional,REGIONAL-Business/Corporate,Reliever,02154.*A,8,Nikolas Persson,nperrson@sbdairport.com,909-382-2382,http://www.gcr1.com/5010web/airport.cfm?Site=SBD,34.095352,-117.234872,34-05-43.2675N,34-05-43N,117-14-05.5400W,34-05-43.2675N,117-14-05.5400W,117-14-06W
-13608754.7614,4510694.9612,185,SAN CARLOS AIRPORT,SAN CARLOS,SQL,San Carlos,San Mateo,Metropolitan,METROPOLITAN-Business/Corporate,Reliever,02160.1*A,4,Gretchen Kelly,gkelly@smcgov.org,650-573-3700,http://www.gcr1.com/5010web/airport.cfm?Site=SQL,37.511855,-122.249524,37-30-42.6780N,37-30-43N,122-14-58.2850W,37-30-42.6780N,122-14-58.2850W,122-14-58W
-13045494.0566,3859991.1464,186,SAN DIEGO INTERNATIONAL AIRPORT,SAN DIEGO INT'L -139,SAN,San Diego,San Diego,Commercial/Primary,PRIMARY-LARGE HUB-METROPOLITAN-Business/Corporate,Commercial Service Primar,02170.*A,11,Kimberly Becker,kbecker@san.org,619-400-2400,http://www.gcr1.com/5010web/airport.cfm?Site=SAN,32.733556,-117.189667,32-44-00.802N,32-44-01N,117-11-22.764W,32-44-00.8000N,117-11-22.8000W,117-11-23W
-13622710.3294,4525738.2921,187,SAN FRANCISCO INTERNATIONAL AIRPORT,SAN FRANCISCO INT'L -139,SFO,San Francisco,San Mateo,Commercial/Primary,PRIMARY-LARGE HUB-METROPOLITAN-Business/Corporate,Commercial Service Primar,02187.*A,4,Ivar Satero,ivar.satero@flysfo.com,650-821-5000,http://www.gcr1.com/5010web/airport.cfm?Site=SFO,37.618972,-122.374889,37-37-08.407N,37-37-08N,122-22-29.436W,37-37-08.3000N,122-22-29.6000W,122-22-29W
-13139578.8413,4040356.7885,188,SAN GABRIEL VALLEY AIRPORT,SAN GABRIEL VALLEY,EMT,El Monte,Los Angeles,Metropolitan,METROPOLITAN-Business/Corporate,Reliever,01539.*A,7,Alvaro Excobedo,aescobedo@americanairports.net,626-448-6129,http://www.gcr1.com/5010web/airport.cfm?Site=EMT,34.086009,-118.034845,34-05-09.632N,34-05-10N,118-02-05.443W,34-05-09.6320N,118-02-05.4430W,118-02-05W
-13573086.5494,4489779.1736,189,"SAN JOSE INTERNATIONAL AIRPORT, NORMAN Y. MINETA",SAN JOSE INT'L -139,SJC,San Jose,Santa Clara,Commercial/Primary,PRIMARY-MEDUIM HUB-METROPOLITAN-Business/Corporate,Commercial Service Primar,02204.*A,4,John Aitken,jaitken@sjc.org,408-392-3610,http://www.gcr1.com/5010web/airport.cfm?Site=SJC,37.362667,-121.929111,37-21-42.703N,37-21-43N,121-55-44.432W,37-21-45.6000N,121-55-44.8000W,121-55-44W
-13429872.466,4196171.5756,190,SAN LUIS OBISPO COUNTY REGIONAL AIRPORT,SAN LUIS OBISPO REGIONAL -139,SBP,San Luis Obispo,San Luis Obispo,Commercial/Primary,PRIMARY-NON HUB-REGIONAL-Business/Corporate,Commercial Service Primar,02211.*A,5,Kevin Bumen,kbumen@co.slo.ca.us,805-781-5205,http://www.gcr1.com/5010web/airport.cfm?Site=SBP,35.237266,-120.642597,35-14-13.409N,35-14-13N,120-38-32.615W,35-14-14.1573N,120-38-33.3507W,120-38-33W
-13536094.526,4450484.933,191,SAN MARTIN AIRPORT,SAN MARTIN,E16,San Martin,Santa Clara,Regional,REGIONAL,Reliever,02213.4*A,4,Eric Peterson,eric@countyairports.org,408-918-7722,http://www.gcr1.com/5010web/airport.cfm?Site=E16,37.081586,-121.596806,37-04-53.710N,37-04-54N,121-35-48.500W,37-04-53.7100N,121-35-48.5000W,121-35-49W
-13340694.7559,4086174.0449,192,SANTA BARBARA MUNICIPAL AIRPORT,SANTA BARBARA MUNI -139,SBA,Santa Barbara,Santa Barbara,Commercial/Primary,PRIMARY-NON HUB-REGIONAL-Business/Corporate,Commercial Service Primar,02235.*A,5,Aaron Keller,akeller@santabarbaraca.gov,805-967-7111,http://www.gcr1.com/5010web/airport.cfm?Site=SBA,34.426194,-119.8415,34-25-34.363N,34-25-34N,119-50-25.344W,34-25-34.3000N,119-50-29.4000W,119-50-25W
-13409261.3283,4150152.8387,193,SANTA MARIA PUBLIC AIRPORT,SANTA MARIA PUBLIC -139,SMX,Santa Maria,Santa Barbara,Commercial/Primary,PRIMARY-NON HUB-REGIONAL-Business/Corporate,Commercial Service Primar,02251.*A,5,Chris Hastert,chastert@santamariaairport.com,805-922-1726,http://www.gcr1.com/5010web/airport.cfm?Site=SMX,34.898917,-120.457444,34-53-57.294N,34-53-57N,120-27-27.297W,34-53-56.1000N,120-27-26.8000W,120-27-27W
-13185939.0677,4030928.2094,194,SANTA MONICA MUNICIPAL AIRPORT,SANTA MONICA MUNI,SMO,Santa Monica,Los Angeles,Metropolitan,METROPOLITAN-Business/Corporate,Reliever,02253.*A,7,Stelios Makrides,stelios.makrides@smgov.net,310-468-2692,http://www.gcr1.com/5010web/airport.cfm?Site=SMO,34.015833,-118.451306,34-00-56.959N,34-00-57N,118-27-04.666W,34-00-57.0000N,118-27-04.7000W,118-27-05W
-13253883.9208,4075487.8568,195,SANTA PAULA AIRPORT,SANTA PAULA,SZP,Santa Paula,Ventura,Community,COMMUNITY-Recreation,Not a NPIAS Facility,02256.*A,7,Rowena Mason,szpairport@verizon.net,805-933-1155,http://www.gcr1.com/5010web/airport.cfm?Site=SMO,34.346974,-119.061665,34-20-49.998N,34-20-50N,119-03-40.374W,34-20-49.1081N,119-03-41.9948W,119-03-40W
-13366750.4185,4110575.2026,196,SANTA YNEZ AIRPORT,SANTA YNEZ,IZA,Santa Ynez,Santa Barbara,Community,COMMUNITY,General Aviation,02264.*A,5,Shawn Knight,iradio@me.com,805-688-8390,http://www.gcr1.com/5010web/airport.cfm?Site=IZA,34.606806,-120.075562,34-36-24.553N,34-36-25N,120-04-32.022W,34-36-24.5000N,120-04-32.0220W,120-04-32W
-13676149.8076,5094965.1978,197,SCOTT VALLEY AIRPORT - BUD DAVIS FIELD,SCOTT VALLEY,A30,Fort Jones,Siskiyou,Community,COMMUNITY,General Aviation,01583.*A,2,Mellissa Cummins,mcummins@co.siskiyou.ca.us,530-842-8269,http://www.gcr1.com/5010web/airport.cfm?Site=A30,41.557778,-122.854944,41-33-29.500N,41-33-30N,122-51-19.117W,41-33-28.0000N,122-51-17.8000W,122-51-19W
-13320181.0228,4380840.2552,198,SELMA AIRPORT,SELMA,0Q4,Selma,Fresno,Community,COMMUNITY-Recreation,Not a NPIAS Facility,02287.2*A,6,Sondra Thomas,remleav@unwiredbb.com,559-314-4900,http://www.gcr1.com/5010web/airport.cfm?Site=0Q4,36.580833,-119.657222,36-34-53.821N,36-34-54N,119-39-30.483W,36-34-51.6018N,119-39-25.1208W,119-39-30W
-13282499.3751,4362430.3903,199,SEQUOIA FIELD,SEQUOIA FIELD,D86,Visalia,Tulare,Community,COMMUNITY-Agriculture,General Aviation,01509.1*A,6,Ross Miller,rmiller@co.tulare.ca.us,559-624-7070,http://www.gcr1.com/5010web/airport.cfm?Site=D86,36.447917,-119.318722,36-26-54.821N,36-26-55N,119-19-08.420W,36-26-52.5000N,119-19-07.4000W,119-19-08W
-13268361.7998,4232851.2556,200,SHAFTER AIRPORT - MINTER FIELD,SHAFTER MINTER FIELD,MIT,Shafter,Kern,Regional,REGIONAL-Business/Corporate,General Aviation,02292.*A,6,Johnathan Hudson,hudsonj@minterfield.com,661-393-0402,http://www.gcr1.com/5010web/airport.cfm?Site=MIT,35.505944,-119.191722,35-30-21.346N,35-30-27N,119-11-29.485W,35-30-21.4000N,119-11-30.2000W,119-11-32W
-13811891.5701,4870032.2053,201,SHELTER COVE AIRPORT,SHELTER COVE,0Q5,Shelter Cove,Humboldt,Community,COMMUNITY,General Aviation,02294.4*A,1,Justin Robbins,gm@sheltercove-ca.gov,707-986-7447,http://www.gcr1.com/5010web/airport.cfm?Site=0Q5,40.028139,-124.074333,40-01-39.516N,40-01-40N,124-04-24.110W,40-01-41.4000N,124-04-27.5000W,124-04-24W
-12943036.8219,4296303.1531,202,SHOSHONE AIRPORT,SHOSHONE,L61,Shoshone,Inyo,Limited Use,LIMITED USE,Not a NPIAS Facility,02295.*A,9,Mike Earrante,mearrante@inyocounty.us,760-878-0205,http://www.gcr1.com/5010web/airport.cfm?Site=L61,35.968611,-116.269278,35-58-06.864N,35-58-07N,116-16-10.098W,35-58-07.0000N,116-16-09.4000W,116-16-10W
-13343799.3452,4416851.4829,203,SIERRA SKY PARK AIRPORT,SIERRA SKY PARK,E79,Fresno,Fresno,Community,COMMUNITY,Not a NPIAS Facility,01591.5*A,6,James Shekoyan,jshekoyan@comcast.net,559-436-2015,http://www.gcr1.com/5010web/airport.cfm?Site=E79,36.840167,-119.869389,36-50-24.600N,36-50-25N,119-52-09.800W,36-50-24.6000N,119-52-09.8000W,119-52-10W
-13397749.1119,4805336.1932,204,SIERRAVILLE DEARWATER AIRPORT,SIERRAVILLE DEARWATER,O79,Sierraville,Sierra,Limited Use,LIMITED USE,Not a NPIAS Facility,02295.4*A,3,Tim Beals,tbeals@sierracounty.ca.gov,530-289-3201,http://www.gcr1.com/5010web/airport.cfm?Site=O79,39.581667,-120.354028,39-34-51.653N,39-34-52N,120-21-15.745W,39-34-54.0000N,120-21-14.5000W,120-21-16W
-13633087.5323,5128296.5313,205,SISKIYOU COUNTY AIRPORT,SISKIYOU COUNTY,SIY,Montague,Siskiyou,Community,COMMUNITY,General Aviation,01906.*A,2,Mellisa Cummins,mcummins@co.siskiyou.ca.us,530-842-8269,http://www.gcr1.com/5010web/airport.cfm?Site=SIY,41.781442,-122.468109,41-46-53.190N,41-46-53N,122-28-05.194W,41-46-53.2000N,122-28-05.2000W,122-28-05W
-13629299.7753,4615858.1239,206,SONOMA SKYPARK AIRPORT,SONOMA SKYPARK,0Q9,Sonoma,Sonoma,Community,COMMUNITY,Not a NPIAS Facility,02299.8*A,4,Ronald Price,ssp@vom.com,707-996-2100,http://www.gcr1.com/5010web/airport.cfm?Site=0Q9,38.257444,-122.434083,38-15-27.696N,38-15-28N,122-26-03.923W,38-15-26.8000N,122-26-02.7000W,122-26-04W
-13631040.7008,4611106.2459,207,SONOMA VALLEY AIRPORT,SONOMA VALLEY,0Q3,Schellville/Sonoma,Sonoma,Community,COMMUNITY,Not a NPIAS Facility,02281.6*A,4,Chris Prevost,chris@vintageaircraft.com,707-938-2444,http://www.gcr1.com/5010web/airport.cfm?Site=0Q3,38.223917,-122.449722,38-13-24.699N,38-13-25N,122-26-58.924W,38-13-26.1000N,122-26-59.0000W,122-26-59W
-13483458.8859,5032947.9853,208,SOUTHARD FIELD AIRPORT,SOUTHARD FIELD,O55,Bieber,Lassen,Limited Use,LIMITED USE,Not a NPIAS Facility,01318.*A,2,Peter Heimbigner,pheimbigner@co.lassen.ca.us,530-251-8299,http://www.gcr1.com/5010web/airport.cfm?Site=O55,41.139556,-121.123972,41-08-22.600N,41-08-23N,121-07-25.901W,41-08-22.4000N,121-07-26.3000W,121-07-26W
-13067015.7878,4109312.8565,209,SOUTHERN CALIFORNIA LOGISTICS AIRPORT,SOUTHERN CALIFORNIA LOGISTICS - 139,VCV,Victorville,San Bernardino,Regional,REGIONAL-Business/Corporate,Reliever,02407.*A,8,Eric Ray,eray@ci.victorville.ca.us,760-243-1910,http://www.gcr1.com/5010web/airport.cfm?Site=VCV,34.597472,-117.383,34-35-50.9000N,34-35-51N,117-22-58.8000W,34-35-50.9000N,117-22-58.8000W,117-22-59W
-13443888.9257,4960897.9076,210,SPAULDING AIRPORT,SPAULDING,1Q2,Susanville,Lassen,Limited Use,LIMITED USE,Not a NPIAS Facility,02332.1*A,2,Peter Heimbigner,pheimbigner@co.lassen.ca.us,530-251-8299,http://www.gcr1.com/5010web/airport.cfm?Site=VCV,40.650306,-120.768509,40-39-01.100N,40-39-01N,120-46-06.632W,40-39-01.1000N,120-46-06.6320W,120-46-07W
-13496186.4885,4564485.9285,211,STOCKTON METROPOLITAN AIRPORT,STOCKTON METROPOLITAN -139,SCK,Stockton,San Joaquin,Commercial/Primary,PRIMARY-NON HUB-METROPOLITAN-Business/Corporate,Commercial Service Primar,02314.*A,10,Ron Elliott,RElliott@sjgov.org,209-468-4707,http://www.gcr1.com/5010web/airport.cfm?Site=SCK,37.894167,-121.238306,37-53-39.00N,37-53-39N,121-14-17.90W,37-53-39.0000N,121-14-17.9000W,121-14-18W
-13042104.9348,4384029.1419,212,STOVEPIPE WELLS AIRPORT,STOVEPIPE WELLS,L09,Death Valley National Park,Inyo,Limited Use,LIMITED USE-Recreation,Not a NPIAS Facility,01494.62*A,9,Karen McKinlay-Jones,Karen_McKinlay-Jones@nps.gov,760-786-3245,http://www.gcr1.com/5010web/airport.cfm?Site=L09,36.603833,-117.159222,36-36-14.805N,36-36-15N,117-09-33.228W,36-36-13.8000N,117-09-33.2000W,117-09-33W
-13422090.8996,4920688.2468,213,SUSANVILLE MUNICIPAL AIRPORT,SUSANVILLE MUNI,SVE,Susanville,Lassen,Regional,REGIONAL,General Aviation,02332.*A,2,Steven Datema,sve@frontiernet.net,530-257-2030,http://www.gcr1.com/5010web/airport.cfm?Site=SVE,40.375694,-120.572694,40-22-36.628N,40-22-37N,120-34-22.812W,40-22-32.5000N,120-34-21.7000W,120-34-23W
-13537046.8642,4739401.3218,214,SUTTER COUNTY AIRPORT,SUTTER COUNTY,O52,Yuba City,Sutter,Community,COMMUNITY,General Aviation,02494.*A,3,Neal Hay,nhay@co.sutter.ca.us,530-822-4402,http://www.gcr1.com/5010web/airport.cfm?Site=O52,39.123667,-121.605361,39-07-35.612N,39-07-36N,121-36-32.878W,39-07-25.2000N,121-36-19.3000W,121-36-33W
-13295802.0543,4183157.3151,215,TAFT AIRPORT,TAFT,L17,Taft,Kern,Community,COMMUNITY,General Aviation,02338.*A,6,Mark Witsoe,witsoem@kerncounty.com,661-391-1817,http://www.gcr1.com/5010web/airport.cfm?Site=L17,35.141722,-119.438222,35-08-27.881N,35-08-28N,119-26-28.426W,35-08-30.0000N,119-26-16.1000W,119-26-28W
-13184593.883,4182242.2723,216,TEHACHAPI MUNICIPAL AIRPORT,TEHACHAPI MUNI,TSP,Tehachapi,Kern,Regional,REGIONAL-Business/Corporate,General Aviation,02341.*A,6,Ashley Whitmore,manager@tehachapiairport.com,661-822-2220 x133,http://www.gcr1.com/5010web/airport.cfm?Site=TSP,35.135,-118.439222,35-08-05.900N,35-08-06N,118-26-21.300W,35-08-06.0000N,118-26-21.2000W,118-26-21W
-13518818.2976,4535584.6236,217,TRACY MUNICIPAL AIRPORT,TRACY MUNI,TCY,Tracy,San Joaquin,Regional,REGIONAL-Business/Corporate,General Aviation,02359.*A,10,Paula Jessup,paula.jessup@cityoftracy.org,209-836-8949,http://www.gcr1.com/5010web/airport.cfm?Site=TCY,37.689,-121.441611,37-41-20.788N,37-41-21N,121-26-30.542W,37-41-20.4000N,121-26-29.8000W,121-26-31W
-13658202.6566,5009797.6257,218,TRINITY CENTER/JAMES E. SWETT AIRPORT,TRINITY CENTER,O86,Trinity Center,Trinity,Community,COMMUNITY-Recreation,General Aviation,02362.1*A,2,Rick Tippett,rtippett@trinitycounty.org,530-623-1365 x3425,http://www.gcr1.com/5010web/airport.cfm?Site=O86,40.98275,-122.693722,40-58-59.524N,40-59-00N,122-41-39.080W,40-58-57.9000N,122-41-37.4000W,122-41-39W
-13060812.8431,4274845.7857,219,TRONA AIRPORT,TRONA,L72,Trona,Inyo,Community,COMMUNITY,General Aviation,02363.*A,9,Sandra Sprose,tronabus@msn.com,661-805-8778,http://www.gcr1.com/5010web/airport.cfm?Site=L72,35.812453,-117.327278,35-48-44.832N,35-48-45N,117-19-38.202W,35-48-45.6000N,117-19-36.9000W,117-19-38W
-13373874.9773,4767619.0775,220,TRUCKEE-TAHOE AIRPORT,TRUCKEE - TAHOE,TRK,Truckee,Nevada,Regional,REGIONAL-Business/Corporate,General Aviation,02366.*A,3,Kevin Smith,ksmith@fly2trk.com,530-587-4119 x105,http://www.gcr1.com/5010web/airport.cfm?Site=TRK,39.320042,-120.139563,39-19-12.152N,39-19-12N,120-08-22.426W,39-19-12.1520N,120-08-22.4260W,120-08-22W
-13509807.6528,5144611.7475,221,TULELAKE AIRPORT,TULELAKE,O81,Tulelake,Modoc,Community,COMMUNITY-Agriculture,General Aviation,02375.*A,2,Mitch Crosby,mitchcrosby@co.modoc.ca.us,530-233-6412,http://www.gcr1.com/5010web/airport.cfm?Site=O81,41.890639,-121.360667,41-53-14.568N,41-53-15N,121-21-33.959W,41-53-26.3000N,121-21-38.4000W,121-21-34W
-13435953.2932,4506782.6632,222,TURLOCK MUNICIPAL AIRPORT,TURLOCK MUNI,O15,Turlock,Merced,Community,COMMUNITY,General Aviation,02376.*A,10,Eric Schulze,eschulze@turlock.ca.us,209-668-5599 x4604,http://www.gcr1.com/5010web/airport.cfm?Site=O15,37.483972,-120.697222,37-29-14.768N,37-29-15N,120-41-48.721W,37-29-02.3000N,120-41-50.0000W,120-41-49W
-12907028.0836,4046484.1224,223,TWENTYNINE PALMS AIRPORT,TWENTYNINE PALMS,TNP,Twentynine Palms,San Bernardino,Regional,REGIONAL,General Aviation,02379.2*A,8,Maureen Snelgrove,Maureen.Snelgrove@airports.sbcounty.gov,909-387-2591,http://www.gcr1.com/5010web/airport.cfm?Site=TNP,34.131583,-115.945806,34-07-55.507N,34-07-56N,115-56-44.995W,34-07-53.7000N,115-56-44.9000W,115-56-45W
-13714656.4439,4739729.9252,224,UKIAH MUNICIPAL AIRPORT,UKIAH MUNI,UKI,Ukiah,Mendocino,Regional,REGIONAL-Business/Corporate,General Aviation,02383.*A,1,Greg Owen,gowen@cityofukiah.com,707-467-2855,http://www.gcr1.com/5010web/airport.cfm?Site=UKI,39.125957,-123.200855,39-07-33.446N,39-07-33N,123-12-03.078W,39-07-33.4000N,123-12-03.1000W,123-12-03W
-13557208.7165,4654777.8797,225,UNIVERSITY AIRPORT,UNIVERSITY,EDU,Davis,Yolo,Community,COMMUNITY,General Aviation,01488.1*A,3,Cliff Contreras,cacontreras@ucdavis.edu,530-752-5435,http://www.gcr1.com/5010web/airport.cfm?Site=EDU,38.531461,-121.786478,38-31-53.264N,38-31-53N,121-47-11.366W,38-31-53.2585N,121-47-11.3225W,121-47-11W
-13190243.3472,4057008.7575,226,VAN NUYS AIRPORT,VAN NUYS,VNY,Van Nuys,Los Angeles,Metropolitan,METROPOLITAN-Business/Corporate,Reliever,02396.*A,7,Flora Margheritis,fmargheritis@lawa.org,818-442-6506,http://www.gcr1.com/5010web/airport.cfm?Site=VNY,34.209806,-118.489972,34-12-35.315N,34-12-35N,118-29-23.904W,34-12-35.3000N,118-29-23.9000W,118-29-24W
-13290755.6078,4344558.5187,227,VISALIA MUNICIPAL AIRPORT,VISALIA MUNI,VIS,Visalia,Tulare,Regional,REGIONAL-Business/Corporate,General Aviation,02413.*A,6,Katharine Bales,Katherine.Bales@visalia.city,559-713-4282,http://www.gcr1.com/5010web/airport.cfm?Site=VIS,36.318667,-119.392889,36-19-07.200N,36-19-07N,119-23-34.400W,36-19-07.2000N,119-23-34.4000W,119-23-34W
-13801922.3531,5137876.5185,228,WARD FIELD AIRPORT,WARD FIELD,0O9,Gasquet,Del Norte,Community,COMMUNITY,Not a NPIAS Facility,01606.*A,1,Randy Hooper,airport@co.del-norte.ca.us,707-464-7288,http://www.gcr1.com/5010web/airport.cfm?Site=0O9,41.845583,-123.984778,41-50-44.406N,41-50-44N,123-59-04.279W,41-50-44.1000N,123-59-05.2000W,123-59-04W
-13286389.4347,4248413.5488,229,WASCO-KERN AIRPORT,WASCO - KERN,L19,Wasco,Kern,Community,COMMUNITY,General Aviation,02422.*A,6,Ron Brewster,brewsterr@kerncounty.com,661-391-1824,http://www.gcr1.com/5010web/airport.cfm?Site=L19,35.619667,-119.353667,35-37-10.844N,35-37-11N,119-21-13.407W,35-37-11.5000N,119-21-13.4000W,119-21-13W
-13557560.5974,4430151.0461,230,WATSONVILLE MUNICIPAL AIRPORT,WATSONVILLE MUNI,WVI,Watsonville,Santa Cruz,Regional,REGIONAL-Business/Corporate,General Aviation,02429.*A,5,Rayvon Williams,rayvon.williams@cityofwatsonville.org,831-768-3574,http://www.gcr1.com/5010web/airport.cfm?Site=WVI,36.935722,-121.789639,36-56-08.628N,36-56-09N,121-47-22.624W,36-56-08.6000N,121-47-22.7000W,121-47-23W
-13566737.5536,4675064.1864,231,WATTS - WOODLAND AIRPORT,WATTS - WOODLAND,O41,Woodland,Yolo,Community,COMMUNITY,Not a NPIAS Facility,02467.*A,3,William Bruce,brucewatts1@mac.com,530-867-6652,http://www.gcr1.com/5010web/airport.cfm?Site=O41,38.673876,-121.872077,38-40-25.955N,38-40-26N,121-52-19.478W,38-40-25.9550N,121-52-19.4780W,121-52-19W
-13631575.7023,5083517.0508,232,WEED AIRPORT,WEED,O46,Weed,Siskiyou,Community,COMMUNITY,General Aviation,02434.*A,2,Mellisa Cummins,mcummins@co.siskiyou.ca.us,530-842-8269,http://www.gcr1.com/5010web/airport.cfm?Site=O46,41.480778,-122.454528,41-28-29.532N,41-28-30N,122-27-11.066W,41-28-50.9000N,122-27-16.3000W,122-27-11W
-13446717.3313,4632793.4711,233,WESTOVER FIELD AMADOR COUNTY AIRPORT,WESTOVER FIELD,JAQ,Jackson,Amador,Regional,REGIONAL-Business/Corporate,General Aviation,01701.*A,10,David Sheppard,DSheppard@amadorgov.org,209-223-2376,http://www.gcr1.com/5010web/airport.cfm?Site=JAQ,38.376806,-120.793917,38-22-36.484N,38-22-36N,120-47-38.067W,38-22-36.5000N,120-47-38.1000W,120-47-38W
-13181723.0646,4063676.4177,234,WHITEMAN AIRPORT,WHITEMAN,WHP,Los Angeles,Los Angeles,Metropolitan,METROPOLITAN-Business/Corporate,Reliever,01818.1*A,7,J. Morgan,jmorgan@dpw.lacounty.gov,626-300-4608,http://www.gcr1.com/5010web/airport.cfm?Site=WHP,34.259325,-118.413433,34-15-33.571N,34-15-34N,118-24-48.359W,34-15-33.5710N,118-24-48.3590W,118-24-48W
-13399681.7296,4405513.4713,235,WILLIAM R. JOHNSTON (MENDOTA) AIRPORT,WILLIAM R. JOHNSTON,M90,Mendota,Fresno,Community,COMMUNITY,General Aviation,01882.2*A,6,Jennifer Lekumberry,jennifer@cityofmendota.com,559-630-2849,http://www.gcr1.com/5010web/airport.cfm?Site=M90,36.758611,-120.371389,36-45-28.819N,36-45-29N,120-22-16.606W,36-45-31.0000N,120-22-17.0000W,120-22-17W
-13733739.8329,4786523.8571,236,WILLITS MUNICIPAL AIRPORT,WILLITS MUNI,O28,Willits,Mendocino,Community,COMMUNITY-Recreation,General Aviation,02455.1*A,1,Bill Wilson,bwilson@cityofwillits.org,707-459-4601,http://www.gcr1.com/5010web/airport.cfm?Site=O28,39.451298,-123.372284,39-27-04.672N,39-27-05N,123-22-20.224W,39-27-04.6720N,123-22-20.2240W,123-22-20W
-13605165.1531,4795819.9122,237,WILLOWS - GLENN COUNTY AIRPORT,WILLOWS,WLW,Willows,Glenn,Community,COMMUNITY,General Aviation,02461.*A,3,Mohammad Qureshi,airports@countyofglenn.net,530-934-6530,http://www.gcr1.com/5010web/airport.cfm?Site=WLW,39.51575,-122.217278,39-30-58.874N,39-30-59N,122-13-03.038W,39-30-56.7000N,122-13-02.2000W,122-13-03W
-13258908.994,4355632.2596,238,WOODLAKE AIRPORT,WOODLAKE,O42,Woodlake,Tulare,Community,COMMUNITY,General Aviation,02463.51*A,6,Adrian Ornelas,aornelas@ci.woodlake.ca.us,559-564-2317,http://www.gcr1.com/5010web/airport.cfm?Site=O42,36.398778,-119.106806,36-23-55.818N,36-23-56N,119-06-26.384W,36-23-55.6000N,119-06-24.5000W,119-06-26W
-13565052.9557,4661600.4919,239,YOLO COUNTY-DAVIS WOODLAND WINTERS AIRPORT,YOLO COUNTY,DWA,Davis/Woodland/Winters,Yolo,Community,COMMUNITY-Agriculture,General Aviation,01488.*A,3,Gary Engel,Gary.Engel@yolocounty.org,530-406-5044,http://www.gcr1.com/5010web/airport.cfm?Site=DWA,38.579389,-121.856944,38-34-44.661N,38-34-45N,121-51-23.876W,38-34-45.8000N,121-51-25.0000W,121-51-24W
-13533091.9054,4735687.1255,240,YUBA COUNTY AIRPORT,YUBA COUNTY,MYV,Marysville,Yuba,Regional,REGIONAL-Business/Corporate,General Aviation,01873.*A,3,Jennifer Demallie,jdemallie@syix.com,530-749-7880,http://www.gcr1.com/5010web/airport.cfm?Site=MYV,39.097778,-121.569833,39-05-51.982N,39-05-52N,121-34-11.370W,39-05-52.0000N,121-34-11.4000W,121-34-11W
-12958355.6084,4046248.7775,241,YUCCA VALLEY AIRPORT,YUCCA VALLEY,L22,Yucca Valley,San Bernardino,Community,COMMUNITY,Not a NPIAS Facility,02496.1*A,8,Bob Dunn,bob.dunn@verizon.net,760-365-7617,http://www.gcr1.com/5010web/airport.cfm?Site=L22,34.129833,-116.406889,34-07-47.4000N,34-07-47N,116-24-24.8000W,34-07-47.4000N,116-24-24.8000W,116-24-25W
-13173505.2372,4002432.4263,242,ZAMPERINI FIELD AIRPORT,ZAMPERINI FIELD,TOA,Torrance,Los Angeles,Metropolitan,METROPOLITAN-Business/Corporate,Reliever,02356.1*A,7,Shant Megerdichian,SMegerdichian@TorranceCA.gov,310-784-7908,http://www.gcr1.com/5010web/airport.cfm?Site=TOA,33.803389,-118.339611,33-48-12.2100N,33-48-12N,118-20-22.6000W,33-48-12.2000N,118-20-22.6000W,118-20-23W
